source_concept_id,source_concept_name,concept_code,cohort_name,points
45533451,Other cardiomyopathies,I42.8,congestive_heart_failure,2
45538369,Hypertensive heart disease with (congestive) heart failure,I11.0,congestive_heart_failure,2
45543181,Left ventricular failure,I50.1,congestive_heart_failure,2
45552780,Hypertensive heart and renal disease with both (congestive) heart failure and renal failure,I13.2,congestive_heart_failure,2
45552790,Cardiomyopathy in diseases classified elsewhere,I43,congestive_heart_failure,2
45552791,Cardiomyopathy in nutritional diseases,I43.2,congestive_heart_failure,2
45553639,Neonatal cardiac failure,P29.0,congestive_heart_failure,2
45562350,Cardiomyopathy due to drugs and other external agents,I42.7,congestive_heart_failure,2
45567179,Congestive heart failure,I50.0,congestive_heart_failure,2
45572075,Hypertensive heart and renal disease with (congestive) heart failure,I13.0,congestive_heart_failure,2
45572089,Alcoholic cardiomyopathy,I42.6,congestive_heart_failure,2
45572090,Cardiomyopathy in metabolic diseases,I43.1,congestive_heart_failure,2
45576867,Ischaemic cardiomyopathy,I25.5,congestive_heart_failure,2
45576879,"Heart failure, unspecified",I50.9,congestive_heart_failure,2
45581773,"Cardiomyopathy, unspecified",I42.9,congestive_heart_failure,2
45581779,Heart failure,I50,congestive_heart_failure,2
45586569,"Rheumatic heart disease, unspecified",I09.9,congestive_heart_failure,2
45586581,Dilated cardiomyopathy,I42.0,congestive_heart_failure,2
45586582,Other restrictive cardiomyopathy,I42.5,congestive_heart_failure,2
45591465,Cardiomyopathy in infectious and parasitic diseases classified elsewhere,I43.0,congestive_heart_failure,2
45605797,Cardiomyopathy in other diseases classified elsewhere,I43.8,congestive_heart_failure,2
45533052,Dementia in Alzheimer disease,F00,dementia,2
45533058,"Vascular dementia, unspecified",F01.9,dementia,2
45537996,Mixed cortical and subcortical vascular dementia,F01.3,dementia,2
45537999,Dementia in Huntington disease,F02.2,dementia,2
45538101,Alzheimer disease,G30,dementia,2
45552425,Vascular dementia of acute onset,F01.0,dementia,2
45552429,Dementia in other specified diseases classified elsewhere,F02.8,dementia,2
45552521,Alzheimer disease with late onset,G30.1,dementia,2
45557146,"Dementia in Alzheimer disease, atypical or mixed type",F00.2,dementia,2
45557147,Vascular dementia,F01,dementia,2
45557150,Delirium superimposed on dementia,F05.1,dementia,2
45557226,"Senile degeneration of brain, not elsewhere classified",G31.1,dementia,2
45561994,"Dementia in Alzheimer disease, unspecified",F00.9,dementia,2
45566770,Dementia in human immunodeficiency virus [HIV] disease,F02.4,dementia,2
45566772,Unspecified dementia,F03,dementia,2
45566868,Alzheimer disease with early onset,G30.0,dementia,2
45571701,Dementia in Parkinson disease,F02.3,dementia,2
45576485,Other vascular dementia,F01.8,dementia,2
45581393,Subcortical vascular dementia,F01.2,dementia,2
45581394,Dementia in other diseases classified elsewhere,F02,dementia,2
45581395,Dementia in Pick disease,F02.0,dementia,2
45591070,Dementia in Alzheimer disease with early onset,F00.0,dementia,2
45591074,Dementia in Creutzfeldt-Jakob disease,F02.1,dementia,2
45591165,"Alzheimer disease, unspecified",G30.9,dementia,2
45605443,Multi-infarct dementia,F01.1,dementia,2
45605532,Other Alzheimer disease,G30.8,dementia,2
45755371,Dementia in Alzheimer disease with late onset,F00.1,dementia,2
40475107,Chronic lower respiratory diseases,J40-J47,chronic_pulmonary_disease,1
45533552,Pneumoconiosis due to other dust containing silica,J62.8,chronic_pulmonary_disease,1
45533553,Stannosis,J63.5,chronic_pulmonary_disease,1
45533554,Byssinosis,J66.0,chronic_pulmonary_disease,1
45533555,Airway disease due to other specific organic dusts,J66.8,chronic_pulmonary_disease,1
45533556,Bird fancier lung,J67.2,chronic_pulmonary_disease,1
45543266,Simple chronic bronchitis,J41.0,chronic_pulmonary_disease,1
45543267,Mucopurulent chronic bronchitis,J41.1,chronic_pulmonary_disease,1
45543268,Other chronic obstructive pulmonary disease,J44,chronic_pulmonary_disease,1
45543271,Graphite fibrosis (of lung),J63.3,chronic_pulmonary_disease,1
45543272,Chronic drug-induced interstitial lung disorders,J70.3,chronic_pulmonary_disease,1
45548015,"Pulmonary heart disease, unspecified",I27.9,chronic_pulmonary_disease,1
45548115,"Chronic obstructive pulmonary disease, unspecified",J44.9,chronic_pulmonary_disease,1
45548118,Mixed asthma,J45.8,chronic_pulmonary_disease,1
45548119,Berylliosis,J63.2,chronic_pulmonary_disease,1
45552889,Unspecified chronic bronchitis,J42,chronic_pulmonary_disease,1
45552890,Centrilobular emphysema,J43.2,chronic_pulmonary_disease,1
45552891,Siderosis,J63.4,chronic_pulmonary_disease,1
45552892,Flax-dresser disease,J66.1,chronic_pulmonary_disease,1
45552893,Bagassosis,J67.1,chronic_pulmonary_disease,1
45552894,Hypersensitivity pneumonitis due to other organic dusts,J67.8,chronic_pulmonary_disease,1
45557541,Other specified pulmonary heart diseases,I27.8,chronic_pulmonary_disease,1
45557624,Predominantly allergic asthma,J45.0,chronic_pulmonary_disease,1
45557625,Nonallergic asthma,J45.1,chronic_pulmonary_disease,1
45557627,Chronic and other pulmonary manifestations due to radiation,J70.1,chronic_pulmonary_disease,1
45562454,Other emphysema,J43.8,chronic_pulmonary_disease,1
45562456,"Asthma, unspecified",J45.9,chronic_pulmonary_disease,1
45562460,Pneumoconiosis due to other specified inorganic dusts,J63.8,chronic_pulmonary_disease,1
45562461,Unspecified pneumoconiosis,J64,chronic_pulmonary_disease,1
45562462,Cannabinosis,J66.2,chronic_pulmonary_disease,1
45567264,"Emphysema, unspecified",J43.9,chronic_pulmonary_disease,1
45567268,Coalworker pneumoconiosis,J60,chronic_pulmonary_disease,1
45567269,Bauxite fibrosis (of lung),J63.1,chronic_pulmonary_disease,1
45567270,Mushroom-worker lung,J67.5,chronic_pulmonary_disease,1
45567271,Maple-bark-stripper lung,J67.6,chronic_pulmonary_disease,1
45572167,"Bronchitis, not specified as acute or chronic",J40,chronic_pulmonary_disease,1
45572173,Hypersensitivity pneumonitis due to unspecified organic dust,J67.9,chronic_pulmonary_disease,1
45576950,MacLeod syndrome,J43.0,chronic_pulmonary_disease,1
45576955,Farmer lung,J67.0,chronic_pulmonary_disease,1
45576956,"Chronic respiratory conditions due to chemicals, gases, fumes and vapours",J68.4,chronic_pulmonary_disease,1
45581861,Pneumoconiosis due to asbestos and other mineral fibres,J61,chronic_pulmonary_disease,1
45586671,Mixed simple and mucopurulent chronic bronchitis,J41.8,chronic_pulmonary_disease,1
45586672,Emphysema,J43,chronic_pulmonary_disease,1
45586673,Other specified chronic obstructive pulmonary disease,J44.8,chronic_pulmonary_disease,1
45586676,Aluminosis (of lung),J63.0,chronic_pulmonary_disease,1
45586678,Hypersensitivity pneumonitis due to organic dust,J67,chronic_pulmonary_disease,1
45591560,Status asthmaticus,J46,chronic_pulmonary_disease,1
45596282,Asthma,J45,chronic_pulmonary_disease,1
45596284,Air-conditioner and humidifier lung,J67.7,chronic_pulmonary_disease,1
45601131,Chronic obstructive pulmonary disease with acute lower respiratory infection,J44.0,chronic_pulmonary_disease,1
45601132,"Chronic obstructive pulmonary disease with acute exacerbation, unspecified",J44.1,chronic_pulmonary_disease,1
45605888,Panlobular emphysema,J43.1,chronic_pulmonary_disease,1
45605889,Bronchiectasis,J47,chronic_pulmonary_disease,1
45605890,Pneumoconiosis due to talc dust,J62.0,chronic_pulmonary_disease,1
45605891,Pneumoconiosis associated with tuberculosis,J65,chronic_pulmonary_disease,1
45605892,Suberosis,J67.3,chronic_pulmonary_disease,1
45605893,Maltworker lung,J67.4,chronic_pulmonary_disease,1
45755455,Simple and mucopurulent chronic bronchitis,J41,chronic_pulmonary_disease,1
45755456,Pneumoconiosis due to dust containing silica,J62,chronic_pulmonary_disease,1
45755457,Pneumoconiosis due to other inorganic dusts,J63,chronic_pulmonary_disease,1
45755458,Airway disease due to specific organic dust,J66,chronic_pulmonary_disease,1
42616528,"Felty syndrome, multiple sites",M05.00,rheumatologic_disease,1
42616529,"Felty syndrome, shoulder region",M05.01,rheumatologic_disease,1
42616530,"Felty syndrome, upper arm",M05.02,rheumatologic_disease,1
42616531,"Felty syndrome, forearm",M05.03,rheumatologic_disease,1
42616532,"Felty syndrome, hand",M05.04,rheumatologic_disease,1
42616533,"Felty syndrome, pelvic region and thigh",M05.05,rheumatologic_disease,1
42616534,"Felty syndrome, lower leg",M05.06,rheumatologic_disease,1
42616535,"Felty syndrome, ankle and foot",M05.07,rheumatologic_disease,1
42616536,"Felty syndrome, other",M05.08,rheumatologic_disease,1
42616537,"Felty syndrome, site unspecified",M05.09,rheumatologic_disease,1
42616538,"Rheumatoid lung disease, multiple sites",M05.10,rheumatologic_disease,1
42616539,"Rheumatoid lung disease, shoulder region",M05.11,rheumatologic_disease,1
42616540,"Rheumatoid lung disease, upper arm",M05.12,rheumatologic_disease,1
42616541,"Rheumatoid lung disease, forearm",M05.13,rheumatologic_disease,1
42616542,"Rheumatoid lung disease, hand",M05.14,rheumatologic_disease,1
42616543,"Rheumatoid lung disease, pelvic region and thigh",M05.15,rheumatologic_disease,1
42616544,"Rheumatoid lung disease, lower leg",M05.16,rheumatologic_disease,1
42616545,"Rheumatoid lung disease, ankle and foot",M05.17,rheumatologic_disease,1
42616546,"Rheumatoid lung disease, other",M05.18,rheumatologic_disease,1
42616547,"Rheumatoid lung disease, site unspecified",M05.19,rheumatologic_disease,1
42616548,"Rheumatoid vasculitis, multiple sites",M05.20,rheumatologic_disease,1
42616549,"Rheumatoid vasculitis, shoulder region",M05.21,rheumatologic_disease,1
42616550,"Rheumatoid vasculitis, upper arm",M05.22,rheumatologic_disease,1
42616551,"Rheumatoid vasculitis, forearm",M05.23,rheumatologic_disease,1
42616552,"Rheumatoid vasculitis, hand",M05.24,rheumatologic_disease,1
42616553,"Rheumatoid vasculitis, pelvic region and thigh",M05.25,rheumatologic_disease,1
42616554,"Rheumatoid vasculitis, lower leg",M05.26,rheumatologic_disease,1
42616555,"Rheumatoid vasculitis, ankle and foot",M05.27,rheumatologic_disease,1
42616556,"Rheumatoid vasculitis, other",M05.28,rheumatologic_disease,1
42616557,"Rheumatoid vasculitis, site unspecified",M05.29,rheumatologic_disease,1
42616558,"Rheumatoid arthritis with involvement of other organs and systems, multiple sites",M05.30,rheumatologic_disease,1
42616559,"Rheumatoid arthritis with involvement of other organs and systems, shoulder region",M05.31,rheumatologic_disease,1
42616560,"Rheumatoid arthritis with involvement of other organs and systems, upper arm",M05.32,rheumatologic_disease,1
42616561,"Rheumatoid arthritis with involvement of other organs and systems, forearm",M05.33,rheumatologic_disease,1
42616562,"Rheumatoid arthritis with involvement of other organs and systems, hand",M05.34,rheumatologic_disease,1
42616563,"Rheumatoid arthritis with involvement of other organs and systems, pelvic region and thigh",M05.35,rheumatologic_disease,1
42616564,"Rheumatoid arthritis with involvement of other organs and systems, lower leg",M05.36,rheumatologic_disease,1
42616565,"Rheumatoid arthritis with involvement of other organs and systems, ankle and foot",M05.37,rheumatologic_disease,1
42616566,"Rheumatoid arthritis with involvement of other organs and systems, site unspecified",M05.39,rheumatologic_disease,1
42616567,"Other seropositive rheumatoid arthritis, multiple sites",M05.80,rheumatologic_disease,1
42616568,"Other seropositive rheumatoid arthritis, shoulder region",M05.81,rheumatologic_disease,1
42616569,"Other seropositive rheumatoid arthritis, upper arm",M05.82,rheumatologic_disease,1
42616570,"Other seropositive rheumatoid arthritis, forearm",M05.83,rheumatologic_disease,1
42616571,"Other seropositive rheumatoid arthritis, hand",M05.84,rheumatologic_disease,1
42616572,"Other seropositive rheumatoid arthritis, pelvic region and thigh",M05.85,rheumatologic_disease,1
42616573,"Other seropositive rheumatoid arthritis, lower leg",M05.86,rheumatologic_disease,1
42616574,"Other seropositive rheumatoid arthritis, ankle and foot",M05.87,rheumatologic_disease,1
42616575,"Other seropositive rheumatoid arthritis, other",M05.88,rheumatologic_disease,1
42616576,"Other seropositive rheumatoid arthritis, site unspecified",M05.89,rheumatologic_disease,1
42616577,"Seropositive rheumatoid arthritis, unspecified, multiple sites",M05.90,rheumatologic_disease,1
42616578,"Seropositive rheumatoid arthritis, unspecified, shoulder region",M05.91,rheumatologic_disease,1
42616579,"Seropositive rheumatoid arthritis, unspecified, upper arm",M05.92,rheumatologic_disease,1
42616580,"Seropositive rheumatoid arthritis, unspecified, forearm",M05.93,rheumatologic_disease,1
42616581,"Seropositive rheumatoid arthritis, unspecified, hand",M05.94,rheumatologic_disease,1
42616582,"Seropositive rheumatoid arthritis, unspecified, pelvic region and thigh",M05.95,rheumatologic_disease,1
42616583,"Seropositive rheumatoid arthritis, unspecified, lower leg",M05.96,rheumatologic_disease,1
42616584,"Seropositive rheumatoid arthritis, unspecified, ankle and foot",M05.97,rheumatologic_disease,1
42616585,"Seropositive rheumatoid arthritis, unspecified, other",M05.98,rheumatologic_disease,1
42616586,"Seropositive rheumatoid arthritis, unspecified, site unspecified",M05.99,rheumatologic_disease,1
42616587,"Seronegative rheumatoid arthritis, multiple sites",M06.00,rheumatologic_disease,1
42616588,"Seronegative rheumatoid arthritis, shoulder region",M06.01,rheumatologic_disease,1
42616589,"Seronegative rheumatoid arthritis, upper arm",M06.02,rheumatologic_disease,1
42616590,"Seronegative rheumatoid arthritis, hand",M06.04,rheumatologic_disease,1
42616591,"Seronegative rheumatoid arthritis, pelvic region and thigh",M06.05,rheumatologic_disease,1
42616592,"Seronegative rheumatoid arthritis, lower leg",M06.06,rheumatologic_disease,1
42616593,"Seronegative rheumatoid arthritis, ankle and foot",M06.07,rheumatologic_disease,1
42616594,"Seronegative rheumatoid arthritis, other",M06.08,rheumatologic_disease,1
42616595,"Seronegative rheumatoid arthritis, site unspecified",M06.09,rheumatologic_disease,1
42616596,"Adult-onset Still disease, multiple sites",M06.10,rheumatologic_disease,1
42616597,"Adult-onset Still disease, shoulder region",M06.11,rheumatologic_disease,1
42616598,"Adult-onset Still disease, upper arm",M06.12,rheumatologic_disease,1
42616599,"Adult-onset Still disease, forearm",M06.13,rheumatologic_disease,1
42616600,"Adult-onset Still disease, hand",M06.14,rheumatologic_disease,1
42616601,"Adult-onset Still disease, pelvic region and thigh",M06.15,rheumatologic_disease,1
42616602,"Adult-onset Still disease, lower leg",M06.16,rheumatologic_disease,1
42616603,"Adult-onset Still disease, ankle and foot",M06.17,rheumatologic_disease,1
42616604,"Adult-onset Still disease, other",M06.18,rheumatologic_disease,1
42616605,"Adult-onset Still disease, site unspecified",M06.19,rheumatologic_disease,1
42616606,"Rheumatoid bursitis, multiple sites",M06.20,rheumatologic_disease,1
42616607,"Rheumatoid bursitis, shoulder region",M06.21,rheumatologic_disease,1
42616608,"Rheumatoid bursitis, upper arm",M06.22,rheumatologic_disease,1
42616609,"Rheumatoid bursitis, forearm",M06.23,rheumatologic_disease,1
42616610,"Rheumatoid bursitis, hand",M06.24,rheumatologic_disease,1
42616611,"Rheumatoid bursitis, pelvic region and thigh",M06.25,rheumatologic_disease,1
42616612,"Rheumatoid bursitis, lower leg",M06.26,rheumatologic_disease,1
42616613,"Rheumatoid bursitis, ankle and foot",M06.27,rheumatologic_disease,1
42616614,"Rheumatoid bursitis, other",M06.28,rheumatologic_disease,1
42616615,"Rheumatoid bursitis, site unspecified",M06.29,rheumatologic_disease,1
42616616,"Rheumatoid nodule, multiple sites",M06.30,rheumatologic_disease,1
42616617,"Rheumatoid nodule, shoulder region",M06.31,rheumatologic_disease,1
42616618,"Rheumatoid nodule, forearm",M06.33,rheumatologic_disease,1
42616619,"Rheumatoid nodule, hand",M06.34,rheumatologic_disease,1
42616620,"Rheumatoid nodule, pelvic region and thigh",M06.35,rheumatologic_disease,1
42616621,"Rheumatoid nodule, lower leg",M06.36,rheumatologic_disease,1
42616622,"Rheumatoid nodule, ankle and foot",M06.37,rheumatologic_disease,1
42616623,"Rheumatoid nodule, other",M06.38,rheumatologic_disease,1
42616624,"Rheumatoid nodule, site unspecified",M06.39,rheumatologic_disease,1
42616625,"Inflammatory polyarthropathy, multiple sites",M06.40,rheumatologic_disease,1
42616626,"Inflammatory polyarthropathy, shoulder region",M06.41,rheumatologic_disease,1
42616627,"Inflammatory polyarthropathy, upper arm",M06.42,rheumatologic_disease,1
42616628,"Inflammatory polyarthropathy, forearm",M06.43,rheumatologic_disease,1
42616629,"Inflammatory polyarthropathy, hand",M06.44,rheumatologic_disease,1
42616630,"Inflammatory polyarthropathy, pelvic region and thigh",M06.45,rheumatologic_disease,1
42616631,"Inflammatory polyarthropathy, lower leg",M06.46,rheumatologic_disease,1
42616632,"Inflammatory polyarthropathy, ankle and foot",M06.47,rheumatologic_disease,1
42616633,"Inflammatory polyarthropathy, site unspecified",M06.49,rheumatologic_disease,1
42616634,"Other specified rheumatoid arthritis, multiple sites",M06.80,rheumatologic_disease,1
42616635,"Other specified rheumatoid arthritis, shoulder region",M06.81,rheumatologic_disease,1
42616636,"Other specified rheumatoid arthritis, upper arm",M06.82,rheumatologic_disease,1
42616637,"Other specified rheumatoid arthritis, forearm",M06.83,rheumatologic_disease,1
42616638,"Other specified rheumatoid arthritis, hand",M06.84,rheumatologic_disease,1
42616639,"Other specified rheumatoid arthritis, pelvic region and thigh",M06.85,rheumatologic_disease,1
42616640,"Other specified rheumatoid arthritis, lower leg",M06.86,rheumatologic_disease,1
42616641,"Other specified rheumatoid arthritis, ankle and foot",M06.87,rheumatologic_disease,1
42616642,"Other specified rheumatoid arthritis, other",M06.88,rheumatologic_disease,1
42616643,"Other specified rheumatoid arthritis, site unspecified",M06.89,rheumatologic_disease,1
42616644,"Rheumatoid arthritis, unspecified, multiple sites",M06.90,rheumatologic_disease,1
42616645,"Rheumatoid arthritis, unspecified, shoulder region",M06.91,rheumatologic_disease,1
42616646,"Rheumatoid arthritis, unspecified, upper arm",M06.92,rheumatologic_disease,1
42616647,"Rheumatoid arthritis, unspecified, forearm",M06.93,rheumatologic_disease,1
42616648,"Rheumatoid arthritis, unspecified, hand",M06.94,rheumatologic_disease,1
42616649,"Rheumatoid arthritis, unspecified, lower leg",M06.96,rheumatologic_disease,1
42616650,"Rheumatoid arthritis, unspecified, ankle and foot",M06.97,rheumatologic_disease,1
42616651,"Rheumatoid arthritis, unspecified, other",M06.98,rheumatologic_disease,1
42616652,"Rheumatoid arthritis, unspecified, site unspecified",M06.99,rheumatologic_disease,1
42619374,"Rheumatoid arthritis with involvement of other organs and systems, other",M05.38,rheumatologic_disease,1
42619375,"Seronegative rheumatoid arthritis, forearm",M06.03,rheumatologic_disease,1
42619376,"Rheumatoid nodule, upper arm",M06.32,rheumatologic_disease,1
42619379,"Inflammatory polyarthropathy, other",M06.48,rheumatologic_disease,1
42619380,"Rheumatoid arthritis, unspecified, pelvic region and thigh",M06.95,rheumatologic_disease,1
45533704,Adult-onset Still disease,M06.1,rheumatologic_disease,1
45533705,"Rheumatoid arthritis, unspecified",M06.9,rheumatologic_disease,1
45533825,Systemic lupus erythematosus,M32,rheumatologic_disease,1
45533826,Drug-induced systemic lupus erythematosus,M32.0,rheumatologic_disease,1
45533828,"Systemic sclerosis, unspecified",M34.9,rheumatologic_disease,1
45533830,Polymyalgia rheumatica,M35.3,rheumatologic_disease,1
45538634,Other seropositive rheumatoid arthritis,M05.8,rheumatologic_disease,1
45538637,Rheumatoid nodule,M06.3,rheumatologic_disease,1
45538753,Other dermatomyositis,M33.1,rheumatologic_disease,1
45543441,Other specified rheumatoid arthritis,M06.8,rheumatologic_disease,1
45553050,"Seropositive rheumatoid arthritis, unspecified",M05.9,rheumatologic_disease,1
45553167,"Systemic lupus erythematosus, unspecified",M32.9,rheumatologic_disease,1
45553169,"Dermatopolymyositis, unspecified",M33.9,rheumatologic_disease,1
45553172,Other overlap syndromes,M35.1,rheumatologic_disease,1
45557753,Rheumatoid lung disease,M05.1,rheumatologic_disease,1
45562583,Rheumatoid vasculitis,M05.2,rheumatologic_disease,1
45562708,Systemic lupus erythematosus with organ or system involvement,M32.1,rheumatologic_disease,1
45567421,Inflammatory polyarthropathy,M06.4,rheumatologic_disease,1
45567546,Dermatopolymyositis,M33,rheumatologic_disease,1
45567548,Polymyositis,M33.2,rheumatologic_disease,1
45567549,Dermato(poly)myositis in neoplastic disease,M36.0,rheumatologic_disease,1
45572445,Other forms of systemic lupus erythematosus,M32.8,rheumatologic_disease,1
45577097,Rheumatoid arthritis with involvement of other organs and systems,M05.3,rheumatologic_disease,1
45577103,Seronegative rheumatoid arthritis,M06.0,rheumatologic_disease,1
45577110,Rheumatoid bursitis,M06.2,rheumatologic_disease,1
45577245,Systemic sclerosis induced by drugs and chemicals,M34.2,rheumatologic_disease,1
45582128,Progressive systemic sclerosis,M34.0,rheumatologic_disease,1
45582129,CR(E)ST syndrome,M34.1,rheumatologic_disease,1
45586957,Systemic sclerosis,M34,rheumatologic_disease,1
45591684,Felty syndrome,M05.0,rheumatologic_disease,1
45596441,Other rheumatoid arthritis,M06,rheumatologic_disease,1
45596562,Giant cell arteritis with polymyalgia rheumatica,M31.5,rheumatologic_disease,1
45601435,Juvenile dermatomyositis,M33.0,rheumatologic_disease,1
45601436,Other forms of systemic sclerosis,M34.8,rheumatologic_disease,1
45606038,Seropositive rheumatoid arthritis,M05,rheumatologic_disease,1
1529214,"Chronic viral hepatitis B with delta-agent, immune-tolerant phase",B18.00,mild_liver_disease,2
1529215,"Chronic viral hepatitis B with delta-agent, other and unspecified phase",B18.09,mild_liver_disease,2
1529216,"Chronic viral hepatitis B without delta-agent, immune-tolerant phase",B18.10,mild_liver_disease,2
1529217,"Chronic viral hepatitis B without delta-agent, other and unspecified phase",B18.19,mild_liver_disease,2
45533614,Hepatic fibrosis with hepatic sclerosis,K74.2,mild_liver_disease,2
45533615,"Biliary cirrhosis, unspecified",K74.5,mild_liver_disease,2
45538546,Other and unspecified cirrhosis of liver,K74.6,mild_liver_disease,2
45542555,Chronic viral hepatitis B with delta-agent,B18.0,mild_liver_disease,2
45543334,Toxic liver disease with chronic lobular hepatitis,K71.4,mild_liver_disease,2
45543337,Toxic liver disease with fibrosis and cirrhosis of liver,K71.7,mild_liver_disease,2
45543340,"Chronic active hepatitis, not elsewhere classified",K73.2,mild_liver_disease,2
45547440,Other chronic viral hepatitis,B18.8,mild_liver_disease,2
45547441,"Chronic viral hepatitis, unspecified",B18.9,mild_liver_disease,2
45548169,Other specified diseases of liver,K76.8,mild_liver_disease,2
45552949,"Chronic hepatitis, unspecified",K73.9,mild_liver_disease,2
45557668,Alcoholic hepatitis,K70.1,mild_liver_disease,2
45557669,Alcoholic fibrosis and sclerosis of liver,K70.2,mild_liver_disease,2
45557676,Primary biliary cirrhosis,K74.3,mild_liver_disease,2
45562510,Central haemorrhagic necrosis of liver,K76.2,mild_liver_disease,2
45562511,Peliosis hepatis,K76.4,mild_liver_disease,2
45566478,Liver transplant status,Z94.4,mild_liver_disease,2
45566538,Chronic viral hepatitis,B18,mild_liver_disease,2
45567323,Alcoholic fatty liver,K70.0,mild_liver_disease,2
45567325,"Other chronic hepatitis, not elsewhere classified",K73.8,mild_liver_disease,2
45572225,Toxic liver disease with chronic active hepatitis,K71.5,mild_liver_disease,2
45572227,"Chronic persistent hepatitis, not elsewhere classified",K73.0,mild_liver_disease,2
45572228,"Chronic lobular hepatitis, not elsewhere classified",K73.1,mild_liver_disease,2
45572229,Hepatic sclerosis,K74.1,mild_liver_disease,2
45572232,Infarction of liver,K76.3,mild_liver_disease,2
45572233,"Liver disease, unspecified",K76.9,mild_liver_disease,2
45586732,Hepatic fibrosis,K74.0,mild_liver_disease,2
45586733,Secondary biliary cirrhosis,K74.4,mild_liver_disease,2
45590846,Chronic viral hepatitis C,B18.2,mild_liver_disease,2
45591606,Toxic liver disease with chronic persistent hepatitis,K71.3,mild_liver_disease,2
45596343,Alcoholic cirrhosis of liver,K70.3,mild_liver_disease,2
45596344,"Chronic hepatitis, not elsewhere classified",K73,mild_liver_disease,2
45600448,Chronic viral hepatitis B without delta-agent,B18.1,mild_liver_disease,2
45601189,"Fatty (change of) liver, not elsewhere classified",K76.0,mild_liver_disease,2
45605953,"Alcoholic liver disease, unspecified",K70.9,mild_liver_disease,2
45755467,Fibrosis and cirrhosis of liver,K74,mild_liver_disease,2
45533016,"Type 1 diabetes mellitus, With neurological complications",E10.4,diabetes_with_chronic_complications,1
45542742,"Other specified diabetes mellitus, with neurological complications",E13.4,diabetes_with_chronic_complications,1
45547628,"Malnutrition-related diabetes mellitus, with neurological complications",E12.4,diabetes_with_chronic_complications,1
45547631,"Other specified diabetes mellitus, with renal complications",E13.2,diabetes_with_chronic_complications,1
45547637,"Other specified diabetes mellitus, with multiple complications",E13.7,diabetes_with_chronic_complications,1
45547638,"Unspecified diabetes mellitus, with peripheral circulatory complications",E14.5,diabetes_with_chronic_complications,1
45552380,"Type 1 diabetes mellitus, With ophthalmic complications",E10.3,diabetes_with_chronic_complications,1
45557114,"Type 2 diabetes mellitus, with peripheral circulatory complications",E11.5,diabetes_with_chronic_complications,1
45561950,"Type 2 diabetes mellitus, with multiple complications",E11.7,diabetes_with_chronic_complications,1
45571655,"Type 1 diabetes mellitus, With multiple complications",E10.7,diabetes_with_chronic_complications,1
45571657,"Malnutrition-related diabetes mellitus, with ophthalmic complications",E12.3,diabetes_with_chronic_complications,1
45571660,"Other specified diabetes mellitus, with peripheral circulatory complications",E13.5,diabetes_with_chronic_complications,1
45571664,"Unspecified diabetes mellitus, with neurological complications",E14.4,diabetes_with_chronic_complications,1
45576442,"Type 2 diabetes mellitus, with neurological complications",E11.4,diabetes_with_chronic_complications,1
45576445,"Malnutrition-related diabetes mellitus, with renal complications",E12.2,diabetes_with_chronic_complications,1
45586137,"Type 1 diabetes mellitus, With renal complications",E10.2,diabetes_with_chronic_complications,1
45591028,"Type 2 diabetes mellitus, with ophthalmic complications",E11.3,diabetes_with_chronic_complications,1
45591032,"Other specified diabetes mellitus, with ophthalmic complications",E13.3,diabetes_with_chronic_complications,1
45591036,"Unspecified diabetes mellitus, with ophthalmic complications",E14.3,diabetes_with_chronic_complications,1
45595796,"Type 1 diabetes mellitus, With peripheral circulatory complications",E10.5,diabetes_with_chronic_complications,1
45600643,"Malnutrition-related diabetes mellitus, with multiple complications",E12.7,diabetes_with_chronic_complications,1
45600646,"Unspecified diabetes mellitus, with multiple complications",E14.7,diabetes_with_chronic_complications,1
45605400,"Type 2 diabetes mellitus, with renal complications",E11.2,diabetes_with_chronic_complications,1
45605406,"Malnutrition-related diabetes mellitus, with peripheral circulatory complications",E12.5,diabetes_with_chronic_complications,1
45605407,"Unspecified diabetes mellitus, with renal complications",E14.2,diabetes_with_chronic_complications,1
45533130,Hereditary spastic paraplegia,G11.4,hemiplegia,2
45542908,Monoplegia of lower limb,G83.1,hemiplegia,2
45547762,Diplegia of upper limbs,G83.0,hemiplegia,2
45552548,Spastic diplegic cerebral palsy,G80.1,hemiplegia,2
45552550,"Paralytic syndrome, unspecified",G83.9,hemiplegia,2
45557259,"Monoplegia, unspecified",G83.3,hemiplegia,2
45562106,"Hemiplegia, unspecified",G81.9,hemiplegia,2
45562107,"Tetraplegia, unspecified",G82.5,hemiplegia,2
45566904,Flaccid tetraplegia,G82.3,hemiplegia,2
45571826,Spastic hemiplegic cerebral palsy,G80.2,hemiplegia,2
45571827,Hemiplegia,G81,hemiplegia,2
45571833,Cauda equina syndrome,G83.4,hemiplegia,2
45576610,Flaccid paraplegia,G82.0,hemiplegia,2
45586271,Human T-cell lymphotropic virus associated myelopathy,G04.1,hemiplegia,2
45586317,Monoplegia of upper limb,G83.2,hemiplegia,2
45591195,Flaccid hemiplegia,G81.0,hemiplegia,2
45591196,Spastic hemiplegia,G81.1,hemiplegia,2
45591197,Spastic tetraplegia,G82.4,hemiplegia,2
45595961,"Paraplegia, unspecified",G82.2,hemiplegia,2
45600808,Spastic paraplegia,G82.1,hemiplegia,2
45755388,Paraplegia and tetraplegia,G82,hemiplegia,2
45534118,"Chronic nephritic syndrome, diffuse mesangial proliferative glomerulonephritis",N03.3,renal_disease,1
45534119,"Chronic nephritic syndrome, diffuse crescentic glomerulonephritis",N03.7,renal_disease,1
45534123,Other chronic renal failure,N18.8,renal_disease,1
45537649,Extracorporeal dialysis,Z49.1,renal_disease,1
45539026,"Unspecified nephritic syndrome, diffuse mesangiocapillary glomerulonephritis",N05.5,renal_disease,1
45543858,"Chronic kidney disease, stage 3",N18.3,renal_disease,1
45548642,"Chronic nephritic syndrome, diffuse membranous glomerulonephritis",N03.2,renal_disease,1
45553437,"Chronic kidney disease, stage 2",N18.2,renal_disease,1
45553438,"Chronic kidney disease, unspecified",N18.9,renal_disease,1
45563000,"Unspecified nephritic syndrome, diffuse endocapillary proliferative glomerulonephritis",N05.4,renal_disease,1
45563001,"Unspecified nephritic syndrome, dense deposit disease",N05.6,renal_disease,1
45566477,Kidney transplant status,Z94.0,renal_disease,1
45567833,Renal osteodystrophy,N25.0,renal_disease,1
45571361,Preparatory care for dialysis,Z49.0,renal_disease,1
45572076,Hypertensive heart and renal disease with renal failure,I13.1,renal_disease,1
45572694,"Unspecified nephritic syndrome, diffuse mesangial proliferative glomerulonephritis",N05.3,renal_disease,1
45576160,Other dialysis,Z49.2,renal_disease,1
45581097,Dependence on renal dialysis,Z99.2,renal_disease,1
45582388,"Chronic nephritic syndrome, diffuse endocapillary proliferative glomerulonephritis",N03.4,renal_disease,1
45582389,"Chronic nephritic syndrome, diffuse mesangiocapillary glomerulonephritis",N03.5,renal_disease,1
45582391,Chronic kidney disease,N18,renal_disease,1
45582392,"Chronic kidney disease, stage 1",N18.1,renal_disease,1
45582393,"Chronic kidney disease, stage 4",N18.4,renal_disease,1
45582394,"Chronic kidney disease, stage 5",N18.5,renal_disease,1
45587234,"Chronic nephritic syndrome, dense deposit disease",N03.6,renal_disease,1
45592122,"Unspecified nephritic syndrome, diffuse membranous glomerulonephritis",N05.2,renal_disease,1
45596187,Hypertensive renal disease with renal failure,I12.0,renal_disease,1
45596852,"Unspecified nephritic syndrome, diffuse crescentic glomerulonephritis",N05.7,renal_disease,1
45601717,End-stage renal disease,N18.0,renal_disease,1
45601718,Unspecified kidney failure,N19,renal_disease,1
40475022,"Malignant neoplasms of lip, oral cavity and pharynx",C00-C14,any_malignancy,2
40475025,Malignant neoplasms of digestive organs,C15-C26,any_malignancy,2
40475026,Malignant neoplasms of respiratory and intrathoracic organs,C30-C39,any_malignancy,2
40475027,Malignant neoplasms of bone and articular cartilage,C40-C41,any_malignancy,2
40475029,Malignant neoplasms of mesothelial and soft tissue,C45-C49,any_malignancy,2
40475030,Malignant neoplasm of breast,C50-C50,any_malignancy,2
40475031,Malignant neoplasms of female genital organs,C51-C58,any_malignancy,2
40475032,Malignant neoplasms of male genital organs,C60-C63,any_malignancy,2
40475033,Malignant neoplasms of urinary tract,C64-C68,any_malignancy,2
40475034,"Malignant neoplasms of eye, brain and other parts of central nervous system",C69-C72,any_malignancy,2
40475035,Malignant neoplasms of thyroid and other endocrine glands,C73-C75,any_malignancy,2
40475038,Malignant neoplasms of independent (primary) multiple sites,C97-C97,any_malignancy,2
45532891,Malignant neoplasm: Anterior floor of mouth,C04.0,any_malignancy,2
45532892,Malignant neoplasm: Vallecula,C10.0,any_malignancy,2
45532893,Malignant neoplasm of stomach,C16,any_malignancy,2
45532894,Malignant neoplasm: Pylorus,C16.4,any_malignancy,2
45532895,Malignant neoplasm: Overlapping lesion of small intestine,C17.8,any_malignancy,2
45532896,Malignant neoplasm: Cloacogenic zone,C21.2,any_malignancy,2
45532897,Malignant neoplasm of liver and intrahepatic bile ducts,C22,any_malignancy,2
45532898,"Malignant neoplasm: Intestinal tract, part unspecified",C26.0,any_malignancy,2
45532900,Malignant neoplasm: Scapula and long bones of upper limb,C40.0,any_malignancy,2
45532901,Malignant neoplasm: Short bones of upper limb,C40.1,any_malignancy,2
45532902,"Malignant neoplasm: Malignant melanoma of upper limb, including shoulder",C43.6,any_malignancy,2
45532913,Malignant neoplasm: Overlapping lesion of breast,C50.8,any_malignancy,2
45532914,Malignant neoplasm: Isthmus uteri,C54.0,any_malignancy,2
45532917,Malignant neoplasm: Undescended testis,C62.0,any_malignancy,2
45532918,"Malignant neoplasm: Testis, unspecified",C62.9,any_malignancy,2
45532922,Malignant neoplasm: Other specified male genital organs,C63.7,any_malignancy,2
45532924,Malignant neoplasm: Overlapping lesion of bladder,C67.8,any_malignancy,2
45532925,Malignant neoplasm: Urethra,C68.0,any_malignancy,2
45532929,"Malignant neoplasm: Meninges, unspecified",C70.9,any_malignancy,2
45532930,Malignant neoplasm of brain,C71,any_malignancy,2
45532931,Malignant neoplasm: Overlapping lesion of brain,C71.8,any_malignancy,2
45532933,Malignant neoplasm: Pituitary gland,C75.1,any_malignancy,2
45532934,Malignant neoplasm: Aortic body and other paraganglia,C75.5,any_malignancy,2
45532935,"Malignant neoplasm of other and ill-defined sites: Head, face and neck",C76.0,any_malignancy,2
45532946,Follicular lymphoma grade II,C82.1,any_malignancy,2
45532957,Other heavy chain disease,C88.2,any_malignancy,2
45537786,"Malignant neoplasm: Lip, unspecified",C00.9,any_malignancy,2
45537787,"Malignant neoplasm: Tongue, unspecified",C02.9,any_malignancy,2
45537788,Malignant neoplasm: Overlapping lesion of floor of mouth,C04.8,any_malignancy,2
45537789,Malignant neoplasm: Soft palate,C05.1,any_malignancy,2
45537791,Malignant neoplasm: Anterior surface of epiglottis,C10.1,any_malignancy,2
45537792,Malignant neoplasm of nasopharynx,C11,any_malignancy,2
45537793,Malignant neoplasm: Postcricoid region,C13.0,any_malignancy,2
45537795,"Malignant neoplasm: Liver, unspecified",C22.9,any_malignancy,2
45537796,Malignant neoplasm: Overlapping lesion of pancreas,C25.8,any_malignancy,2
45537797,"Malignant neoplasm: Pancreas, unspecified",C25.9,any_malignancy,2
45537798,Malignant neoplasm: Maxillary sinus,C31.0,any_malignancy,2
45537799,Malignant neoplasm: Heart,C38.0,any_malignancy,2
45537800,Malignant neoplasm: Anterior mediastinum,C38.1,any_malignancy,2
45537801,"Malignant neoplasm: Mediastinum, part unspecified",C38.3,any_malignancy,2
45537803,Malignant neoplasm: Vertebral column,C41.2,any_malignancy,2
45537804,Malignant neoplasm: Malignant melanoma of trunk,C43.5,any_malignancy,2
45537805,Malignant neoplasm: Overlapping malignant melanoma of skin,C43.8,any_malignancy,2
45537814,Mesothelioma,C45,any_malignancy,2
45537815,"Malignant neoplasm: Peripheral nerves of head, face and neck",C47.0,any_malignancy,2
45537816,Malignant neoplasm: Peripheral nerves of thorax,C47.3,any_malignancy,2
45537817,"Malignant neoplasm: Connective and soft tissue of head, face and neck",C49.0,any_malignancy,2
45537818,"Malignant neoplasm: Connective and soft tissue of trunk, unspecified",C49.6,any_malignancy,2
45537825,Malignant neoplasm of cervix uteri,C53,any_malignancy,2
45537826,"Malignant neoplasm of uterus, part unspecified",C55,any_malignancy,2
45537827,Malignant neoplasm of other and unspecified male genital organs,C63,any_malignancy,2
45537829,Malignant neoplasm: Dome of bladder,C67.1,any_malignancy,2
45537830,"Malignant neoplasm: Urinary organ, unspecified",C68.9,any_malignancy,2
45537831,Malignant neoplasm: Cornea,C69.1,any_malignancy,2
45537835,Malignant neoplasm: Brain stem,C71.7,any_malignancy,2
45537836,"Malignant neoplasm of spinal cord, cranial nerves and other parts of central nervous system",C72,any_malignancy,2
45537837,Malignant neoplasm: Optic nerve,C72.3,any_malignancy,2
45537838,Malignant neoplasm of other and ill-defined sites: Other ill-defined sites,C76.7,any_malignancy,2
45537864,Lymphoepithelioid lymphoma,C84.3,any_malignancy,2
45537871,Extranodal marginal zone B-cell lymphoma of mucosa-associated lymphoid tissue [MALT-lyphoma],C88.4,any_malignancy,2
45537873,Acute lymphoblastic leukaemia [ALL],C91.0,any_malignancy,2
45537876,Myeloid sarcoma,C92.3,any_malignancy,2
45537879,Mast cell leukaemia,C94.3,any_malignancy,2
45537880,Acute panmyelosis with myelofibrosis,C94.4,any_malignancy,2
45537881,Malignant histiocytosis,C96.1,any_malignancy,2
45542579,Malignant neoplasm: Border of tongue,C02.1,any_malignancy,2
45542580,Malignant neoplasm: Uvula,C05.2,any_malignancy,2
45542581,Malignant neoplasm: Submandibular gland,C08.0,any_malignancy,2
45542582,Malignant neoplasm: Branchial cleft,C10.4,any_malignancy,2
45542583,Malignant neoplasm: Overlapping lesion of oropharynx,C10.8,any_malignancy,2
45542584,"Malignant neoplasm: Hypopharynx, unspecified",C13.9,any_malignancy,2
45542585,"Malignant neoplasm: Greater curvature of stomach, unspecified",C16.6,any_malignancy,2
45542586,Malignant neoplasm: Caecum,C18.0,any_malignancy,2
45542587,Malignant neoplasm of rectum,C20,any_malignancy,2
45542588,Malignant neoplasm: Hepatoblastoma,C22.2,any_malignancy,2
45542589,Malignant neoplasm: Sphenoidal sinus,C31.3,any_malignancy,2
45542590,Malignant neoplasm: Overlapping lesion of bronchus and lung,C34.8,any_malignancy,2
45542592,"Malignant neoplasm: Bronchus or lung, unspecified",C34.9,any_malignancy,2
45542596,"Malignant neoplasm: Malignant melanoma of eyelid, including canthus",C43.1,any_malignancy,2
45542597,Malignant neoplasm: Malignant melanoma of other and unspecified parts of face,C43.3,any_malignancy,2
45542610,Malignant neoplasm: Specified parts of peritoneum,C48.1,any_malignancy,2
45542611,"Malignant neoplasm: Connective and soft tissue, unspecified",C49.9,any_malignancy,2
45542614,Malignant neoplasm of ovary,C56,any_malignancy,2
45542616,Malignant neoplasm: Fallopian tube,C57.0,any_malignancy,2
45542618,Malignant neoplasm: Lacrimal gland and duct,C69.5,any_malignancy,2
45542620,Malignant neoplasm: Overlapping lesion of eye and adnexa,C69.8,any_malignancy,2
45542621,"Malignant neoplasm: Cerebrum, except lobes and ventricles",C71.0,any_malignancy,2
45542624,Malignant neoplasm of other endocrine glands and related structures,C75,any_malignancy,2
45542625,Malignant neoplasm: Parathyroid gland,C75.0,any_malignancy,2
45542626,Malignant neoplasm: Craniopharyngeal duct,C75.2,any_malignancy,2
45542638,"Follicular lymphoma grade III, unspecified",C82.2,any_malignancy,2
45542646,Mantle cell lymphoma,C83.1,any_malignancy,2
45542649,"Non-follicular (diffuse) lymphoma, unspecified",C83.9,any_malignancy,2
45542651,T-zone lymphoma,C84.2,any_malignancy,2
45542659,Mediastinal (thymic) large B-cell lymphoma,C85.2,any_malignancy,2
45542661,Prolymphocytic leukaemia of B-cell type,C91.3,any_malignancy,2
45542663,"Lymphoid leukaemia, unspecified",C91.9,any_malignancy,2
45542667,Acute megakaryoblastic leukaemia,C94.2,any_malignancy,2
45542670,Multifocal and multisystemic (disseminated) Langerhans-cell histiocytosis [Letterer-Siwe disease],C96.0,any_malignancy,2
45547478,"Malignant neoplasm: Floor of mouth, unspecified",C04.9,any_malignancy,2
45547479,Malignant neoplasm: Anterior wall of nasopharynx,C11.3,any_malignancy,2
45547480,Malignant neoplasm: Lower third of oesophagus,C15.5,any_malignancy,2
45547481,Malignant neoplasm: Body of stomach,C16.2,any_malignancy,2
45547482,Malignant neoplasm: Intrahepatic bile duct carcinoma,C22.1,any_malignancy,2
45547483,Malignant neoplasm: Other specified carcinomas of liver,C22.7,any_malignancy,2
45547484,Malignant neoplasm of pancreas,C25,any_malignancy,2
45547485,Malignant neoplasm: Endocrine pancreas,C25.4,any_malignancy,2
45547491,"Malignant neoplasm: Malignant melanoma of skin, unspecified",C43.9,any_malignancy,2
45547505,"Malignant neoplasm: Breast, unspecified",C50.9,any_malignancy,2
45547506,Malignant neoplasm: Overlapping lesion of vulva,C51.8,any_malignancy,2
45547507,"Malignant neoplasm: Cervix uteri, unspecified",C53.9,any_malignancy,2
45547508,Malignant neoplasm: Glans penis,C60.1,any_malignancy,2
45547509,Malignant neoplasm of prostate,C61,any_malignancy,2
45547512,Malignant neoplasm: Spermatic cord,C63.1,any_malignancy,2
45547516,Malignant neoplasm: Cerebellum,C71.6,any_malignancy,2
45547519,"Malignant neoplasm: Endocrine gland, unspecified",C75.9,any_malignancy,2
45547520,Malignant neoplasm of other and ill-defined sites: Thorax,C76.1,any_malignancy,2
45547530,Nodular sclerosis classical Hodgkin lymphoma,C81.1,any_malignancy,2
45547532,Lymphocyte-rich (classical) Hodgkin lymphoma,C81.4,any_malignancy,2
45547547,Other and unspecified types of non-Hodgkin lymphoma,C85,any_malignancy,2
45547558,Monocytic leukaemia,C93,any_malignancy,2
45547561,"Malignant neoplasm of lymphoid, haematopoietic and related tissue, unspecified",C96.9,any_malignancy,2
45552242,"Malignant neoplasm: Lower lip, inner aspect",C00.4,any_malignancy,2
45552243,Malignant neoplasm: Overlapping lesion of other and unspecified parts of mouth,C06.8,any_malignancy,2
45552244,Malignant neoplasm: Lateral wall of nasopharynx,C11.2,any_malignancy,2
45552245,Malignant neoplasm: Duodenum,C17.0,any_malignancy,2
45552246,Malignant neoplasm: Descending colon,C18.6,any_malignancy,2
45552247,Malignant neoplasm: Liver cell carcinoma,C22.0,any_malignancy,2
45552248,Malignant neoplasm: Angiosarcoma of liver,C22.3,any_malignancy,2
45552249,Malignant neoplasm: Extrahepatic bile duct,C24.0,any_malignancy,2
45552250,Malignant neoplasm: Main bronchus,C34.0,any_malignancy,2
45552251,Malignant neoplasm: Short bones of lower limb,C40.3,any_malignancy,2
45552257,Malignant neoplasm: Peripheral nerves of abdomen,C47.4,any_malignancy,2
45552258,Malignant neoplasm of other connective and soft tissue,C49,any_malignancy,2
45552261,Malignant neoplasm: Connective and soft tissue of abdomen,C49.4,any_malignancy,2
45552263,Malignant neoplasm: Overlapping lesion of cervix uteri,C53.8,any_malignancy,2
45552264,Malignant neoplasm: Broad ligament,C57.1,any_malignancy,2
45552265,Malignant neoplasm: Parametrium,C57.3,any_malignancy,2
45552266,Malignant neoplasm: Other specified female genital organs,C57.7,any_malignancy,2
45552268,Malignant neoplasm of renal pelvis,C65,any_malignancy,2
45552269,Malignant neoplasm of bladder,C67,any_malignancy,2
45552270,Malignant neoplasm: Ureteric orifice,C67.6,any_malignancy,2
45552271,Malignant neoplasm: Urachus,C67.7,any_malignancy,2
45552272,Malignant neoplasm: Paraurethral gland,C68.1,any_malignancy,2
45552275,Malignant neoplasm: Spinal meninges,C70.1,any_malignancy,2
45552277,Malignant neoplasm: Acoustic nerve,C72.4,any_malignancy,2
45552279,"Malignant neoplasm: Adrenal gland, unspecified",C74.9,any_malignancy,2
45552280,Malignant neoplasm: Carotid body,C75.4,any_malignancy,2
45552293,Other classical Hodgkin lymphoma,C81.7,any_malignancy,2
45552299,Follicular lymphoma grade IIIb,C82.4,any_malignancy,2
45552309,Other malignant immunoproliferative diseases,C88.7,any_malignancy,2
45552310,Plasma cell leukaemia,C90.1,any_malignancy,2
45552312,Adult T-cell lymphoma/leukaemia [HTLV-1-associated],C91.5,any_malignancy,2
45556958,"Malignant neoplasm: External lip, unspecified",C00.2,any_malignancy,2
45556959,"Malignant neoplasm: Lip, unspecified, inner aspect",C00.5,any_malignancy,2
45556960,Malignant neoplasm: Overlapping lesion of palate,C05.8,any_malignancy,2
45556961,"Malignant neoplasm: Mouth, unspecified",C06.9,any_malignancy,2
45556962,Malignant neoplasm: Overlapping lesion of major salivary glands,C08.8,any_malignancy,2
45556963,Malignant neoplasm of oropharynx,C10,any_malignancy,2
45556964,Malignant neoplasm: Cardia,C16.0,any_malignancy,2
45556965,Malignant neoplasm: Splenic flexure,C18.5,any_malignancy,2
45556966,"Malignant neoplasm: Anus, unspecified",C21.0,any_malignancy,2
45556967,Malignant neoplasm: Body of pancreas,C25.1,any_malignancy,2
45556968,Malignant neoplasm: Tail of pancreas,C25.2,any_malignancy,2
45556969,Malignant neoplasm: Pancreatic duct,C25.3,any_malignancy,2
45556970,Malignant neoplasm: Other parts of pancreas,C25.7,any_malignancy,2
45556971,Malignant neoplasm: Middle ear,C30.1,any_malignancy,2
45556972,Malignant neoplasm: Laryngeal cartilage,C32.3,any_malignancy,2
45556974,Malignant neoplasm: Overlapping lesion of respiratory and intrathoracic organs,C39.8,any_malignancy,2
45556975,Malignant neoplasm: Overlapping lesion of bone and articular cartilage,C41.8,any_malignancy,2
45556976,Malignant neoplasm: Malignant melanoma of lip,C43.0,any_malignancy,2
45556983,"Mesothelioma, unspecified",C45.9,any_malignancy,2
45556984,Kaposi sarcoma of other sites,C46.7,any_malignancy,2
45556985,"Kaposi sarcoma, unspecified",C46.9,any_malignancy,2
45556986,Malignant neoplasm: Overlapping lesion of peripheral nerves and autonomic nervous system,C47.8,any_malignancy,2
45556987,"Malignant neoplasm: Peripheral nerves and autonomic nervous system, unspecified",C47.9,any_malignancy,2
45556988,"Malignant neoplasm: Peritoneum, unspecified",C48.2,any_malignancy,2
45556989,Malignant neoplasm: Connective and soft tissue of thorax,C49.3,any_malignancy,2
45556997,Malignant neoplasm: Labium minus,C51.1,any_malignancy,2
45556998,Malignant neoplasm of other and unspecified female genital organs,C57,any_malignancy,2
45556999,Malignant neoplasm: Prepuce,C60.0,any_malignancy,2
45557000,Malignant neoplasm of testis,C62,any_malignancy,2
45557005,Malignant neoplasm: Overlapping lesion of urinary organs,C68.8,any_malignancy,2
45557006,Malignant neoplasm: Choroid,C69.3,any_malignancy,2
45557007,Malignant neoplasm of meninges,C70,any_malignancy,2
45557008,Malignant neoplasm: Frontal lobe,C71.1,any_malignancy,2
45557037,Waldenström macroglobulinaemia,C88.0,any_malignancy,2
45557041,Hairy-cell leukaemia,C91.4,any_malignancy,2
45557042,Acute myelomonocytic leukaemia,C92.5,any_malignancy,2
45557044,Acute myeloid leukaemia with multilineage dysplasia,C92.8,any_malignancy,2
45557048,Leukaemia of unspecified cell type,C95,any_malignancy,2
45561780,Malignant neoplasm: Lingual tonsil,C02.4,any_malignancy,2
45561781,Malignant neoplasm: Lower gum,C03.1,any_malignancy,2
45561782,Malignant neoplasm: Retromolar area,C06.2,any_malignancy,2
45561784,Malignant neoplasm of tonsil,C09,any_malignancy,2
45561785,Malignant neoplasm: Posterior wall of hypopharynx,C13.2,any_malignancy,2
45561786,Malignant neoplasm: Waldeyer ring,C14.2,any_malignancy,2
45561788,"Malignant neoplasm: Small intestine, unspecified",C17.9,any_malignancy,2
45561789,Malignant neoplasm: Hepatic flexure,C18.3,any_malignancy,2
45561790,"Malignant neoplasm: Colon, unspecified",C18.9,any_malignancy,2
45561791,Malignant neoplasm of rectosigmoid junction,C19,any_malignancy,2
45561792,"Malignant neoplasm: Overlapping lesion of rectum, anus and anal canal",C21.8,any_malignancy,2
45561793,Malignant neoplasm: Supraglottis,C32.1,any_malignancy,2
45561805,Kaposi sarcoma,C46,any_malignancy,2
45561806,Kaposi sarcoma of skin,C46.0,any_malignancy,2
45561808,Malignant neoplasm of retroperitoneum and peritoneum,C48,any_malignancy,2
45561811,Malignant neoplasm: Upper-inner quadrant of breast,C50.2,any_malignancy,2
45561816,Malignant neoplasm: Upper-outer quadrant of breast,C50.4,any_malignancy,2
45561827,Malignant neoplasm: Parietal lobe,C71.3,any_malignancy,2
45561828,Malignant neoplasm: Cerebral ventricle,C71.5,any_malignancy,2
45561829,Malignant neoplasm: Olfactory nerve,C72.2,any_malignancy,2
45561857,Other mature T/NK-cell lymphomas,C84.5,any_malignancy,2
45561858,"Anaplastic large cell lymphoma, ALK-positive",C84.6,any_malignancy,2
45561867,"Non-Hodgkin lymphoma, unspecified",C85.9,any_malignancy,2
45561870,Malignant immunoproliferative diseases,C88,any_malignancy,2
45561874,Other lymphoid leukaemia,C91.7,any_malignancy,2
45561878,"Myeloid leukaemia, unspecified",C92.9,any_malignancy,2
45561880,Acute monoblastic/monocytic leukaemia,C93.0,any_malignancy,2
45561882,Chronic leukaemia of unspecified cell type,C95.1,any_malignancy,2
45566569,Malignant neoplasm of other and unspecified parts of tongue,C02,any_malignancy,2
45566570,"Malignant neoplasm: Anterior two-thirds of tongue, part unspecified",C02.3,any_malignancy,2
45566571,Malignant neoplasm: Overlapping lesion of tongue,C02.8,any_malignancy,2
45566572,"Malignant neoplasm: Major salivary gland, unspecified",C08.9,any_malignancy,2
45566573,Malignant neoplasm: Tonsillar fossa,C09.0,any_malignancy,2
45566574,Malignant neoplasm: Lateral wall of oropharynx,C10.2,any_malignancy,2
45566575,Malignant neoplasm of hypopharynx,C13,any_malignancy,2
45566576,Malignant neoplasm: Jejunum,C17.1,any_malignancy,2
45566577,Malignant neoplasm: Ampulla of Vater,C24.1,any_malignancy,2
45566578,"Malignant neoplasm: Biliary tract, unspecified",C24.9,any_malignancy,2
45566579,Malignant neoplasm: Nasal cavity,C30.0,any_malignancy,2
45566580,Malignant neoplasm: Frontal sinus,C31.2,any_malignancy,2
45566581,Malignant neoplasm: Subglottis,C32.2,any_malignancy,2
45566583,Malignant neoplasm: Bones of skull and face,C41.0,any_malignancy,2
45566585,"Malignant neoplasm: Malignant melanoma of lower limb, including hip",C43.7,any_malignancy,2
45566591,Kaposi sarcoma of soft tissue,C46.1,any_malignancy,2
45566598,Malignant neoplasm: Nipple and areola,C50.0,any_malignancy,2
45566601,Malignant neoplasm: Central portion of breast,C50.1,any_malignancy,2
45566604,Malignant neoplasm: Clitoris,C51.2,any_malignancy,2
45566605,Malignant neoplasm: Endometrium,C54.1,any_malignancy,2
45566606,Malignant neoplasm: Overlapping lesion of corpus uteri,C54.8,any_malignancy,2
45566608,Malignant neoplasm: Overlapping lesion of female genital organs,C57.8,any_malignancy,2
45566609,"Malignant neoplasm: Female genital organ, unspecified",C57.9,any_malignancy,2
45566610,Malignant neoplasm of penis,C60,any_malignancy,2
45566611,Malignant neoplasm: Overlapping lesion of male genital organs,C63.8,any_malignancy,2
45566612,Malignant neoplasm of other and unspecified urinary organs,C68,any_malignancy,2
45566613,Malignant neoplasm: Orbit,C69.6,any_malignancy,2
45566617,"Malignant neoplasm: Pluriglandular involvement, unspecified",C75.8,any_malignancy,2
45566622,Mixed cellularity classical Hodgkin lymphoma,C81.2,any_malignancy,2
45566652,Malignant neoplasms of independent (primary) multiple sites,C97,any_malignancy,2
45571487,Malignant neoplasm of base of tongue,C01,any_malignancy,2
45571488,Malignant neoplasm of other and unspecified major salivary glands,C08,any_malignancy,2
45571489,"Malignant neoplasm: Oesophagus, unspecified",C15.9,any_malignancy,2
45571490,"Malignant neoplasm: Stomach, unspecified",C16.9,any_malignancy,2
45571491,Malignant neoplasm: Sigmoid colon,C18.7,any_malignancy,2
45571492,Malignant neoplasm: Other sarcomas of liver,C22.4,any_malignancy,2
45571495,Malignant neoplasm: Posterior mediastinum,C38.2,any_malignancy,2
45571496,Malignant neoplasm: Ill-defined sites within the respiratory system,C39.9,any_malignancy,2
45571498,Malignant neoplasm: Overlapping lesion of bone and articular cartilage of limbs,C40.8,any_malignancy,2
45571500,Malignant neoplasm: Mandible,C41.1,any_malignancy,2
45571501,Malignant melanoma of skin,C43,any_malignancy,2
45571510,Mesothelioma of pleura,C45.0,any_malignancy,2
45571511,Kaposi sarcoma of palate,C46.2,any_malignancy,2
45571514,"Malignant neoplasm: Connective and soft tissue of upper limb, including shoulder",C49.1,any_malignancy,2
45571515,Malignant neoplasm: Connective and soft tissue of pelvis,C49.5,any_malignancy,2
45571518,Malignant neoplasm of breast,C50,any_malignancy,2
45571524,Malignant neoplasm: Fundus uteri,C54.3,any_malignancy,2
45571526,Malignant neoplasm: Body of penis,C60.2,any_malignancy,2
45571527,Malignant neoplasm: Anterior wall of bladder,C67.3,any_malignancy,2
45571528,"Malignant neoplasm: Bladder, unspecified",C67.9,any_malignancy,2
45571529,Malignant neoplasm: Conjunctiva,C69.0,any_malignancy,2
45571532,"Malignant neoplasm: Brain, unspecified",C71.9,any_malignancy,2
45571533,Malignant neoplasm: Cortex of adrenal gland,C74.0,any_malignancy,2
45571534,Malignant neoplasm of other and ill-defined sites: Pelvis,C76.3,any_malignancy,2
45571535,Malignant neoplasm of other and ill-defined sites: Upper limb,C76.4,any_malignancy,2
45571545,Lymphocyte depleted classical Hodgkin lymphoma,C81.3,any_malignancy,2
45571549,Follicular lymphoma,C82,any_malignancy,2
45571555,Immunoblastic (diffuse) non-Hodgkin's lymphoma,C83.4,any_malignancy,2
45571560,"Peripheral T-cell lymphoma, not elsewhere classified",C84.4,any_malignancy,2
45571570,Myeloid leukaemia,C92,any_malignancy,2
45571571,"Atypical chronic myeloid leukaemia, BCR/ABL- negative",C92.2,any_malignancy,2
45571572,Acute promyelocytic leukaemia [PML],C92.4,any_malignancy,2
45571576,Acute erythroid leukaemia,C94.0,any_malignancy,2
45576294,"Malignant neoplasm: Upper lip, inner aspect",C00.3,any_malignancy,2
45576295,Malignant neoplasm: Dorsal surface of tongue,C02.0,any_malignancy,2
45576296,Malignant neoplasm of other and unspecified parts of mouth,C06,any_malignancy,2
45576297,Malignant neoplasm: Vestibule of mouth,C06.1,any_malignancy,2
45576298,Malignant neoplasm of parotid gland,C07,any_malignancy,2
45576299,Malignant neoplasm: Tonsillar pillar (anterior)(posterior),C09.1,any_malignancy,2
45576300,"Malignant neoplasm: Nasopharynx, unspecified",C11.9,any_malignancy,2
45576301,Malignant neoplasm of piriform sinus,C12,any_malignancy,2
45576302,Malignant neoplasm: Upper third of oesophagus,C15.3,any_malignancy,2
45576303,Malignant neoplasm: Overlapping lesion of stomach,C16.8,any_malignancy,2
45576304,Malignant neoplasm: Meckel diverticulum,C17.3,any_malignancy,2
45576305,Malignant neoplasm of colon,C18,any_malignancy,2
45576306,Malignant neoplasm: Anal canal,C21.1,any_malignancy,2
45576307,Malignant neoplasm of other and unspecified parts of biliary tract,C24,any_malignancy,2
45576308,Malignant neoplasm: Spleen,C26.1,any_malignancy,2
45576309,Malignant neoplasm: Ill-defined sites within the digestive system,C26.9,any_malignancy,2
45576312,"Malignant neoplasm: Bone and articular cartilage, unspecified",C41.9,any_malignancy,2
45576317,Mesothelioma of other sites,C45.7,any_malignancy,2
45576318,"Malignant neoplasm: Peripheral nerves of trunk, unspecified",C47.6,any_malignancy,2
45576320,"Malignant neoplasm: Connective and soft tissue of lower limb, including hip",C49.2,any_malignancy,2
45576324,Malignant neoplasm: Lower-inner quadrant of breast,C50.3,any_malignancy,2
45576328,Malignant neoplasm of vagina,C52,any_malignancy,2
45576329,Malignant neoplasm: Exocervix,C53.1,any_malignancy,2
45576331,"Malignant neoplasm: Penis, unspecified",C60.9,any_malignancy,2
45576332,Malignant neoplasm: Scrotum,C63.2,any_malignancy,2
45576333,"Malignant neoplasm: Male genital organ, unspecified",C63.9,any_malignancy,2
45576335,Malignant neoplasm: Bladder neck,C67.5,any_malignancy,2
45576337,Malignant neoplasm of other and ill-defined sites: Lower limb,C76.5,any_malignancy,2
45576344,Hodgkin lymphoma,C81,any_malignancy,2
45576353,Diffuse follicle centre lymphoma,C82.5,any_malignancy,2
45576359,Other non-follicular lymphoma,C83.8,any_malignancy,2
45576367,"Chronic myeloid leukaemia [CML], BCR/ABL-positive",C92.1,any_malignancy,2
45576370,"Monocytic leukaemia, unspecified",C93.9,any_malignancy,2
45581197,Malignant neoplasm of lip,C00,any_malignancy,2
45581198,Malignant neoplasm: External lower lip,C00.1,any_malignancy,2
45581199,Malignant neoplasm: Overlapping lesion of lip,C00.8,any_malignancy,2
45581200,Malignant neoplasm of gum,C03,any_malignancy,2
45581201,Malignant neoplasm: Fundus of stomach,C16.1,any_malignancy,2
45581202,Malignant neoplasm: Overlapping lesion of biliary tract,C24.8,any_malignancy,2
45581203,Malignant neoplasm of other and ill-defined digestive organs,C26,any_malignancy,2
45581207,Malignant neoplasm: Long bones of lower limb,C40.2,any_malignancy,2
45581218,Kaposi sarcoma of multiple organs,C46.8,any_malignancy,2
45581219,Malignant neoplasm: Peripheral nerves of pelvis,C47.5,any_malignancy,2
45581220,Malignant neoplasm: Overlapping lesion of connective and soft tissue,C49.8,any_malignancy,2
45581221,Malignant neoplasm: Lower-outer quadrant of breast,C50.5,any_malignancy,2
45581226,Malignant neoplasm: Spinal cord,C72.0,any_malignancy,2
45581227,Malignant neoplasm of other and ill-defined sites: Overlapping lesion of other and ill-defined sites,C76.8,any_malignancy,2
45581232,"Hodgkin lymphoma, unspecified",C81.9,any_malignancy,2
45581250,Alpha heavy chain disease,C88.1,any_malignancy,2
45581252,Extramedullary plasmacytoma,C90.2,any_malignancy,2
45581254,Prolymphocytic leukaemia of T-cell type,C91.6,any_malignancy,2
45581256,Acute myeloid leukaemia with 11q23-abnormality,C92.6,any_malignancy,2
45581258,Other monocytic leukaemia,C93.7,any_malignancy,2
45581262,Other leukaemia of unspecified cell type,C95.7,any_malignancy,2
45581263,Unifocal Langerhans-cell histiocytosis,C96.6,any_malignancy,2
45581264,"Other specified malignant neoplasms of lymphoid, haematopoietic and related tissue",C96.7,any_malignancy,2
45581265,Histiocytic sarcoma,C96.8,any_malignancy,2
45585981,"Malignant neoplasm: Gum, unspecified",C03.9,any_malignancy,2
45585982,Malignant neoplasm of floor of mouth,C04,any_malignancy,2
45585983,Malignant neoplasm: Overlapping lesion of tonsil,C09.8,any_malignancy,2
45585984,Malignant neoplasm: Pyloric antrum,C16.3,any_malignancy,2
45585985,Malignant neoplasm of small intestine,C17,any_malignancy,2
45585986,Malignant neoplasm: Transverse colon,C18.4,any_malignancy,2
45585988,Malignant neoplasm of accessory sinuses,C31,any_malignancy,2
45585989,Malignant neoplasm of trachea,C33,any_malignancy,2
45585990,"Malignant neoplasm: Upper respiratory tract, part unspecified",C39.0,any_malignancy,2
45585991,"Malignant neoplasm: Pelvic bones, sacrum and coccyx",C41.4,any_malignancy,2
45586007,Mesothelioma of pericardium,C45.2,any_malignancy,2
45586015,Malignant neoplasm: Labium majus,C51.0,any_malignancy,2
45586016,Malignant neoplasm of corpus uteri,C54,any_malignancy,2
45586020,Malignant neoplasm: Lateral wall of bladder,C67.2,any_malignancy,2
45586024,Malignant neoplasm: Overlapping lesion of brain and other parts of central nervous system,C72.8,any_malignancy,2
45586025,"Malignant neoplasm: Central nervous system, unspecified",C72.9,any_malignancy,2
45586030,Nodular lymphocyte predominant Hodgkin lymphoma,C81.0,any_malignancy,2
45586044,Lymphoblastic (diffuse) lymphoma,C83.5,any_malignancy,2
45586051,"Anaplastic large cell lymphoma, ALK-negative",C84.7,any_malignancy,2
45586056,"B-cell lymphoma, unspecified",C85.1,any_malignancy,2
45586059,Immunoproliferative small intestinal disease,C88.3,any_malignancy,2
45586061,Solitary plasmacytoma,C90.3,any_malignancy,2
45586062,Lymphoid leukaemia,C91,any_malignancy,2
45586071,Acute myelofibrosis,C94.5,any_malignancy,2
45586073,"Leukaemia, unspecified",C95.9,any_malignancy,2
45586074,Sarcoma of dendritic cells (accessory cells),C96.4,any_malignancy,2
45590875,Malignant neoplasm: Commissure of lip,C00.6,any_malignancy,2
45590876,Malignant neoplasm: Posterior wall of oropharynx,C10.3,any_malignancy,2
45590877,Malignant neoplasm: Overlapping lesion of hypopharynx,C13.8,any_malignancy,2
45590878,Malignant neoplasm: Thoracic part of oesophagus,C15.1,any_malignancy,2
45590879,Malignant neoplasm: Overlapping lesion of oesophagus,C15.8,any_malignancy,2
45590880,Malignant neoplasm of gallbladder,C23,any_malignancy,2
45590881,Malignant neoplasm: Head of pancreas,C25.0,any_malignancy,2
45590882,Malignant neoplasm: Overlapping lesion of digestive system,C26.8,any_malignancy,2
45590883,Malignant neoplasm: Ethmoidal sinus,C31.1,any_malignancy,2
45590887,Malignant neoplasm: Malignant melanoma of scalp and neck,C43.4,any_malignancy,2
45590912,Malignant neoplasm: Overlapping lesion of penis,C60.8,any_malignancy,2
45590915,Malignant neoplasm: Posterior wall of bladder,C67.4,any_malignancy,2
45590918,"Malignant neoplasm: Eye, unspecified",C69.9,any_malignancy,2
45590919,Malignant neoplasm: Cauda equina,C72.1,any_malignancy,2
45590920,Malignant neoplasm of thyroid gland,C73,any_malignancy,2
45590921,Malignant neoplasm of adrenal gland,C74,any_malignancy,2
45590922,Malignant neoplasm: Medulla of adrenal gland,C74.1,any_malignancy,2
45590923,Malignant neoplasm: Pineal gland,C75.3,any_malignancy,2
45590924,Malignant neoplasm of other and ill-defined sites: Abdomen,C76.2,any_malignancy,2
45590936,Follicular lymphoma grade IIIa,C82.3,any_malignancy,2
45590939,Small cell B-cell lymphoma,C83.0,any_malignancy,2
45590945,Burkitt lymphoma,C83.7,any_malignancy,2
45590950,"Cutaneous T-cell lymphoma, unspecified",C84.8,any_malignancy,2
45590962,"Malignant immunoproliferative disease, unspecified",C88.9,any_malignancy,2
45590969,Multifocal and unisystemic Langerhans-cell histiocytosis,C96.5,any_malignancy,2
45595633,Malignant neoplasm: External upper lip,C00.0,any_malignancy,2
45595634,Malignant neoplasm: Lateral floor of mouth,C04.1,any_malignancy,2
45595635,Malignant neoplasm of palate,C05,any_malignancy,2
45595636,"Malignant neoplasm: Oropharynx, unspecified",C10.9,any_malignancy,2
45595637,Malignant neoplasm: Posterior wall of nasopharynx,C11.1,any_malignancy,2
45595638,"Malignant neoplasm: Aryepiglottic fold, hypopharyngeal aspect",C13.1,any_malignancy,2
45595639,Malignant neoplasm: Middle third of oesophagus,C15.4,any_malignancy,2
45595640,Malignant neoplasm: Appendix,C18.1,any_malignancy,2
45595641,"Malignant neoplasm: Accessory sinus, unspecified",C31.9,any_malignancy,2
45595642,Malignant neoplasm of larynx,C32,any_malignancy,2
45595643,Malignant neoplasm: Overlapping lesion of larynx,C32.8,any_malignancy,2
45595644,"Malignant neoplasm: Larynx, unspecified",C32.9,any_malignancy,2
45595645,Malignant neoplasm of bronchus and lung,C34,any_malignancy,2
45595646,"Malignant neoplasm: Upper lobe, bronchus or lung",C34.1,any_malignancy,2
45595647,"Malignant neoplasm: Middle lobe, bronchus or lung",C34.2,any_malignancy,2
45595648,"Malignant neoplasm: Overlapping lesion of heart, mediastinum and pleura",C38.8,any_malignancy,2
45595649,"Malignant neoplasm: Bone and articular cartilage of limb, unspecified",C40.9,any_malignancy,2
45595650,Malignant neoplasm of bone and articular cartilage of other and unspecified sites,C41,any_malignancy,2
45595651,"Malignant neoplasm: Ribs, sternum and clavicle",C41.3,any_malignancy,2
45595652,Malignant neoplasm: Malignant melanoma of ear and external auricular canal,C43.2,any_malignancy,2
45595658,Mesothelioma of peritoneum,C45.1,any_malignancy,2
45595660,Malignant neoplasm of peripheral nerves and autonomic nervous system,C47,any_malignancy,2
45595662,"Malignant neoplasm: Peripheral nerves of lower limb, including hip",C47.2,any_malignancy,2
45595669,"Malignant neoplasm: Vulva, unspecified",C51.9,any_malignancy,2
45595670,Malignant neoplasm: Endocervix,C53.0,any_malignancy,2
45595671,Malignant neoplasm: Myometrium,C54.2,any_malignancy,2
45595674,Malignant neoplasm: Epididymis,C63.0,any_malignancy,2
45595682,Malignant neoplasm: Cerebral meninges,C70.0,any_malignancy,2
45595683,Malignant neoplasm: Occipital lobe,C71.4,any_malignancy,2
45595698,Follicular lymphoma grade I,C82.0,any_malignancy,2
45595708,Sézary disease,C84.1,any_malignancy,2
45595711,"Mature T/NK-cell lymphoma, unspecified",C84.9,any_malignancy,2
45595715,Other specified types of non-Hodgkin lymphoma,C85.7,any_malignancy,2
45595725,Other specified leukaemias,C94.7,any_malignancy,2
45595727,"Other and unspecified malignant neoplasms of lymphoid, haematopoietic and related tissue",C96,any_malignancy,2
45600475,"Malignant neoplasm: Palate, unspecified",C05.9,any_malignancy,2
45600476,Malignant neoplasm: Cheek mucosa,C06.0,any_malignancy,2
45600477,Malignant neoplasm: Sublingual gland,C08.1,any_malignancy,2
45600478,"Malignant neoplasm: Tonsil, unspecified",C09.9,any_malignancy,2
45600479,"Malignant neoplasm: Overlapping lesion of lip, oral cavity and pharynx",C14.8,any_malignancy,2
45600480,Malignant neoplasm of oesophagus,C15,any_malignancy,2
45600481,Malignant neoplasm: Cervical part of oesophagus,C15.0,any_malignancy,2
45600482,Malignant neoplasm: Abdominal part of oesophagus,C15.2,any_malignancy,2
45600483,"Malignant neoplasm: Lesser curvature of stomach, unspecified",C16.5,any_malignancy,2
45600484,Malignant neoplasm: Ileum,C17.2,any_malignancy,2
45600485,Malignant neoplasm: Ascending colon,C18.2,any_malignancy,2
45600486,Malignant neoplasm: Overlapping lesion of colon,C18.8,any_malignancy,2
45600487,Malignant neoplasm: Glottis,C32.0,any_malignancy,2
45600502,Kaposi sarcoma of lymph nodes,C46.3,any_malignancy,2
45600503,Malignant neoplasm: Overlapping lesion of retroperitoneum and peritoneum,C48.8,any_malignancy,2
45600509,Malignant neoplasm: Axillary tail of breast,C50.6,any_malignancy,2
45600512,Malignant neoplasm of vulva,C51,any_malignancy,2
45600514,Malignant neoplasm: Round ligament,C57.2,any_malignancy,2
45600516,"Malignant neoplasm of kidney, except renal pelvis",C64,any_malignancy,2
45600518,Malignant neoplasm of ureter,C66,any_malignancy,2
45600519,Malignant neoplasm: Trigone of bladder,C67.0,any_malignancy,2
45600520,Malignant neoplasm: Retina,C69.2,any_malignancy,2
45600521,Malignant neoplasm: Temporal lobe,C71.2,any_malignancy,2
45600546,Other types of follicular lymphoma,C82.7,any_malignancy,2
45600549,Diffuse large B-cell lymphoma,C83.3,any_malignancy,2
45600562,Multiple myeloma,C90.0,any_malignancy,2
45600564,Chronic lymphocytic leukaemia of B-cell type,C91.1,any_malignancy,2
45600565,Acute myeloblastic leukaemia [AML],C92.0,any_malignancy,2
45600566,Other myeloid leukaemia,C92.7,any_malignancy,2
45600568,Juvenile myelomonocytic leukaemia,C93.3,any_malignancy,2
45600571,"Myelodysplastic and myeloproliferative disease, not elsewhere classified",C94.6,any_malignancy,2
45600572,Acute leukaemia of unspecified cell type,C95.0,any_malignancy,2
45600573,Malignant mast cell tumour,C96.2,any_malignancy,2
45605256,Malignant neoplasm: Ventral surface of tongue,C02.2,any_malignancy,2
45605257,Malignant neoplasm: Upper gum,C03.0,any_malignancy,2
45605258,Malignant neoplasm: Hard palate,C05.0,any_malignancy,2
45605259,Malignant neoplasm: Superior wall of nasopharynx,C11.0,any_malignancy,2
45605260,Malignant neoplasm: Overlapping lesion of nasopharynx,C11.8,any_malignancy,2
45605261,"Malignant neoplasm: Pharynx, unspecified",C14.0,any_malignancy,2
45605262,Malignant neoplasm: Overlapping lesion of accessory sinuses,C31.8,any_malignancy,2
45605263,"Malignant neoplasm: Lower lobe, bronchus or lung",C34.3,any_malignancy,2
45605264,Malignant neoplasm of thymus,C37,any_malignancy,2
45605265,Malignant neoplasm: Pleura,C38.4,any_malignancy,2
45605266,Malignant neoplasm of other and ill-defined sites in the respiratory system and intrathoracic organs,C39,any_malignancy,2
45605273,"Malignant neoplasm: Peripheral nerves of upper limb, including shoulder",C47.1,any_malignancy,2
45605274,Malignant neoplasm: Retroperitoneum,C48.0,any_malignancy,2
45605278,"Malignant neoplasm: Corpus uteri, unspecified",C54.9,any_malignancy,2
45605280,"Malignant neoplasm: Uterine adnexa, unspecified",C57.4,any_malignancy,2
45605281,Malignant neoplasm of placenta,C58,any_malignancy,2
45605282,Malignant neoplasm: Descended testis,C62.1,any_malignancy,2
45605283,Malignant neoplasm: Ciliary body,C69.4,any_malignancy,2
45605287,Malignant neoplasm: Other and unspecified cranial nerves,C72.5,any_malignancy,2
45605300,Cutaneous follicle centre lymphoma,C82.6,any_malignancy,2
45605303,"Follicular lymphoma, unspecified",C82.9,any_malignancy,2
45605307,Undifferentiated (diffuse) non-Hodgkin's lymphoma,C83.6,any_malignancy,2
45605312,Mycosis fungoides,C84.0,any_malignancy,2
45605333,Chronic myelomonocytic leukaemia,C93.1,any_malignancy,2
45755313,"Malignant neoplasm of other and ill-defined sites in the lip, oral cavity and pharynx",C14,any_malignancy,2
45755314,Malignant neoplasm of laryngopharynx unspecified,C14.1,any_malignancy,2
45755315,Malignant neoplasm of anus and anal canal,C21,any_malignancy,2
45755316,Malignant neoplasm of nasal cavity and middle ear,C30,any_malignancy,2
45755317,"Malignant neoplasm of heart, mediastinum and pleura",C38,any_malignancy,2
45755318,Malignant neoplasm of bone and articular cartilage of limbs,C40,any_malignancy,2
45755329,Subacute leukemia of unspecified cell type,C95.2,any_malignancy,2
45755330,True histiocytic lymphoma,C96.3,any_malignancy,2
45755339,Malignant neoplasm of eye and adnexa,C69,any_malignancy,2
45755340,Malignant neoplasm of other and ill-defined sites,C76,any_malignancy,2
45755342,Non-follicular lymphoma,C83,any_malignancy,2
45755343,Mixed small and large cell (diffuse) non-Hodgkin's lymphoma,C83.2,any_malignancy,2
45755344,Mature T/NK-cell lymphomas,C84,any_malignancy,2
45755345,Lymphosarcoma,C85.0,any_malignancy,2
45755347,Multiple myeloma and malignant plasma cell neoplasms,C90,any_malignancy,2
45755348,Subacute lymphocytic leukemia,C91.2,any_malignancy,2
45755349,Mature B-cell leukaemia Burkitt-type,C91.8,any_malignancy,2
45755350,Subacute monocytic leukemia,C93.2,any_malignancy,2
45755351,Other leukaemias of specified cell type,C94,any_malignancy,2
45755352,Chronic erythremia,C94.1,any_malignancy,2
45533613,"Hepatic failure, unspecified",K72.9,moderate_or_severe_liver_disease,4
45557671,Toxic liver disease with hepatic necrosis,K71.1,moderate_or_severe_liver_disease,4
45557677,Hepatorenal syndrome,K76.7,moderate_or_severe_liver_disease,4
45562429,Oesophageal varices without bleeding in diseases classified elsewhere,I98.2,moderate_or_severe_liver_disease,4
45581834,Oesophageal varices without bleeding,I85.9,moderate_or_severe_liver_disease,4
45581835,Gastric varices,I86.4,moderate_or_severe_liver_disease,4
45586729,Alcoholic hepatic failure,K70.4,moderate_or_severe_liver_disease,4
45591533,Oesophageal varices with bleeding,I85.0,moderate_or_severe_liver_disease,4
45591607,Hepatic veno-occlusive disease,K76.5,moderate_or_severe_liver_disease,4
45591608,Portal hypertension,K76.6,moderate_or_severe_liver_disease,4
45601186,Chronic hepatic failure,K72.1,moderate_or_severe_liver_disease,4
45532936,Secondary malignant neoplasm of mediastinum,C78.1,metastatic_solid_tumor,6
45532938,Secondary malignant neoplasm of ovary,C79.6,metastatic_solid_tumor,6
45537839,Secondary malignant neoplasm of lung,C78.0,metastatic_solid_tumor,6
45537841,Secondary malignant neoplasm of other and unspecified sites,C79,metastatic_solid_tumor,6
45542627,Secondary and unspecified malignant neoplasm: Inguinal and lower limb lymph nodes,C77.4,metastatic_solid_tumor,6
45547522,Secondary malignant neoplasm of retroperitoneum and peritoneum,C78.6,metastatic_solid_tumor,6
45547523,Secondary malignant neoplasm of kidney and renal pelvis,C79.0,metastatic_solid_tumor,6
45547524,Secondary malignant neoplasm of other specified sites,C79.8,metastatic_solid_tumor,6
45547529,"Malignant neoplasm, without specification of site",C80,metastatic_solid_tumor,6
45552282,Secondary malignant neoplasm of pleura,C78.2,metastatic_solid_tumor,6
45552284,Secondary malignant neoplasm of bladder and other and unspecified urinary organs,C79.1,metastatic_solid_tumor,6
45557012,Secondary and unspecified malignant neoplasm: Intrathoracic lymph nodes,C77.1,metastatic_solid_tumor,6
45557013,Secondary and unspecified malignant neoplasm: Lymph nodes of multiple regions,C77.8,metastatic_solid_tumor,6
45557014,"Secondary and unspecified malignant neoplasm: Lymph node, unspecified",C77.9,metastatic_solid_tumor,6
45557017,"Malignant neoplasm, primary site unknown, so stated",C80.0,metastatic_solid_tumor,6
45561830,Secondary and unspecified malignant neoplasm of lymph nodes,C77,metastatic_solid_tumor,6
45561831,Secondary malignant neoplasm of brain and cerebral meninges,C79.3,metastatic_solid_tumor,6
45561832,Secondary malignant neoplasm of other and unspecified parts of nervous system,C79.4,metastatic_solid_tumor,6
45566620,"Malignant neoplasm, primary site unspecified",C80.9,metastatic_solid_tumor,6
45571538,Secondary and unspecified malignant neoplasm: Axillary and upper limb lymph nodes,C77.3,metastatic_solid_tumor,6
45571539,Secondary malignant neoplasm of skin,C79.2,metastatic_solid_tumor,6
45571540,Secondary malignant neoplasm of bone and bone marrow,C79.5,metastatic_solid_tumor,6
45576338,Secondary and unspecified malignant neoplasm: Intra-abdominal lymph nodes,C77.2,metastatic_solid_tumor,6
45576339,Secondary malignant neoplasm of other and unspecified digestive organs,C78.8,metastatic_solid_tumor,6
45586028,Secondary malignant neoplasm of other and unspecified respiratory organs,C78.3,metastatic_solid_tumor,6
45590925,"Secondary and unspecified malignant neoplasm: Lymph nodes of head, face and neck",C77.0,metastatic_solid_tumor,6
45590926,Secondary malignant neoplasm of adrenal gland,C79.7,metastatic_solid_tumor,6
45595685,Secondary and unspecified malignant neoplasm: Intrapelvic lymph nodes,C77.5,metastatic_solid_tumor,6
45595686,Secondary malignant neoplasm of small intestine,C78.4,metastatic_solid_tumor,6
45595687,Secondary malignant neoplasm of large intestine and rectum,C78.5,metastatic_solid_tumor,6
45595688,Secondary malignant neoplasm of liver and intrahepatic bile duct,C78.7,metastatic_solid_tumor,6
45600529,"Secondary malignant neoplasm, unspecified site",C79.9,metastatic_solid_tumor,6
45755341,Secondary malignant neoplasm of respiratory and digestive organs,C78,metastatic_solid_tumor,6
45532867,HIV disease resulting in unspecified malignant neoplasm,B21.9,aids,4
45537755,HIV disease resulting in cytomegaloviral disease,B20.2,aids,4
45542556,HIV disease resulting in other bacterial infections,B20.1,aids,4
45542557,HIV disease resulting in multiple infections,B20.7,aids,4
45547443,Unspecified human immunodeficiency virus [HIV] disease,B24,aids,4
45552213,HIV disease resulting in mycobacterial infection,B20.0,aids,4
45556930,HIV disease resulting in other infectious and parasitic diseases,B20.8,aids,4
45556931,HIV disease resulting in unspecified infectious or parasitic disease,B20.9,aids,4
45556932,HIV disease resulting in other types of non-Hodgkin lymphoma,B21.2,aids,4
45561747,HIV disease resulting in other malignant neoplasms,B21.8,aids,4
45561748,HIV disease resulting in lymphoid interstitial pneumonitis,B22.1,aids,4
45566541,HIV disease resulting in other viral infections,B20.3,aids,4
45571458,Human immunodeficiency virus [HIV] disease resulting in infectious and parasitic diseases,B20,aids,4
45571459,HIV disease resulting in Pneumocystis jirovecii pneumonia,B20.6,aids,4
45571460,HIV disease resulting in Kaposi sarcoma,B21.0,aids,4
45571461,HIV disease resulting in Burkitt lymphoma,B21.1,aids,4
45571462,"HIV disease resulting in other malignant neoplasms of lymphoid, haematopoietic and related tissue",B21.3,aids,4
45571463,HIV disease resulting in wasting syndrome,B22.2,aids,4
45581152,HIV disease resulting in multiple malignant neoplasms,B21.7,aids,4
45585950,HIV disease resulting in candidiasis,B20.4,aids,4
45590847,HIV disease resulting in multiple diseases classified elsewhere,B22.7,aids,4
45595610,HIV disease resulting in encephalopathy,B22.0,aids,4
45600449,HIV disease resulting in other mycoses,B20.5,aids,4
45755324,Human immunodeficiency virus [HIV] disease resulting in malignant neoplasms,B21,aids,4
45755325,Human immunodeficiency virus [HIV] disease resulting in other specified diseases,B22,aids,4
