concept_id,concept_name,Site
4015983,"Closed fracture distal femur, bicondylar",Femur
4015506,"Closed fracture distal femur, medial condyle",Femur
4012444,"Closed fracture distal femur, lateral condyle",Femur
765014,Closed fracture of condyle of right femur,Femur
760430,Closed fracture of condyle of left femur,Femur
760429,Closed fracture of lateral condyle of left femur,Femur
760428,Closed fracture of lateral condyle of right femur,Femur
760427,Closed fracture of medial condyle of left femur,Femur
760426,Closed fracture of medial condyle of right femur,Femur
45767624,Closed fracture of epiphyseal plate of distal femur,Femur
45767623,Closed fracture of apophysis of femur,Femur
45767037,Pathological fracture of femur due to osteoporosis,Femur
45767009,Pathological fracture of femur due to secondary osteoporosis,Femur
45766821,Stress fracture of shaft of femur,Femur
45766816,Stress fracture of lateral condyle of femur,Femur
40492391,Closed comminuted supracondylar fracture of femur,Femur
37312592,Simple fracture of lower end of femur not extending into joint,Femur
37312579,Wedge fracture of lower end of femur not extending into joint,Femur
37312005,Complex fracture of lower end of femur not extending into joint,Femur
4325184,Closed Salter-Harris type IV fracture of distal femur,Femur
4324314,Closed osteochondral fracture of distal femur,Femur
4289013,Multiple closed fractures of lower end of femur,Femur
4219891,Stieda's fracture,Femur
4177356,Closed Salter-Harris type III fracture of distal end of femur,Femur
4177203,Closed Salter-Harris type V fracture of distal femur,Femur
4146440,Closed Salter-Harris type II fracture of lower epiphysis of femur,Femur
4142989,Closed Salter-Harris type I fracture of lower epiphysis of femur,Femur
4135750,Fracture of femoral condyle,Femur
4135749,Fracture of distal end of femur,Femur
4134329,Supracondylar fracture femur,Femur
4016132,Multiple fractures of femur,Femur
4009615,"Closed fracture distal femur, comminuted/intra-articular",Femur
765379,Subchondral insufficiency fracture of condyle of femur,Femur
765015,Closed fracture of left femur,Femur
764997,Closed fracture of epiphyseal plate of distal end of left femur,Femur
760695,Pathological fracture of proximal end of right femur due to secondary osteoporosis,Femur
760686,Stress fracture of shaft of left femur,Femur
760685,Stress fracture of shaft of right femur,Femur
760684,Stress fracture of left femur,Femur
760683,Stress fracture of right femur,Femur
760646,Pathological fracture of left femur due to secondary osteoporosis,Femur
760645,Pathological fracture of right femur due to secondary osteoporosis,Femur
760641,Pathological fracture of left femur,Femur
760640,Pathological fracture of right femur,Femur
760637,Pathological fracture of left femur due to osteoporosis,Femur
760636,Pathological fracture of right femur due to osteoporosis,Femur
760437,Closed fracture of right femur,Femur
760436,Closed fracture of shaft of left femur,Femur
760435,Closed fracture of shaft of right femur,Femur
760434,Closed fracture of distal end of left femur,Femur
760433,Closed fracture of distal end of right femur,Femur
760432,Closed supracondylar fracture of left femur,Femur
760431,Closed supracondylar fracture of right femur,Femur
760424,Closed fracture of apophysis of left femur,Femur
760423,Closed fracture of apophysis of right femur,Femur
760215,Closed fracture of epiphyseal plate of distal end of right femur,Femur
760214,Closed fracture of epiphysis of distal left femur,Femur
760213,Closed fracture of epiphysis of distal right femur,Femur
759834,Stress fracture of lateral condyle of left femur,Femur
759833,Stress fracture of lateral condyle of right femur,Femur
443460,Pathological fracture of femur,Femur
441153,Closed supracondylar fracture of femur,Femur
440865,Closed fracture of epiphysis of femur,Femur
440825,Fracture of shaft of femur,Femur
440548,"Closed fracture of femur, distal end",Femur
438887,Closed fracture of shaft of femur,Femur
437130,"Closed fracture of femur, lower epiphysis",Femur
436249,Closed fracture of femoral condyle of femur,Femur
4135751,Fracture of talus,Foot
74777,Closed fracture of talus,Foot
45767039,Pathological fracture of foot due to osteoporosis,Foot
45767007,Pathological fracture of foot due to secondary osteoporosis,Foot
4178915,Fracture of posterior process of talus,Foot
4175171,Pathological fracture of foot,Foot
4094536,Shepherd's fracture,Foot
4016122,"Closed fracture talus, body",Foot
4016121,"Closed fracture talus, neck",Foot
4016120,"Closed fracture talus, head",Foot
765335,Closed fracture of right talus,Foot
760633,Pathological fracture of right foot due to secondary osteoporosis,Foot
760630,Pathological fracture of left foot,Foot
760629,Pathological fracture of right foot,Foot
760628,Pathological fracture of left foot due to osteoporosis,Foot
760345,Closed fracture of left talus,Foot
45766819,Stress fracture of foot,Foot
45766780,Closed fracture of sesamoid bone of foot,Foot
42539577,Fracture of lateral cuneiform,Foot
42539049,Fracture of intermediate cuneiform,Foot
42536862,Fracture of medial cuneiform,Foot
40491339,Closed fracture of tarsal bone,Foot
40479614,Stress fracture of calcaneus,Foot
40479561,Stress fracture of tarsal bone,Foot
40479201,Stress fracture of navicular bone of foot,Foot
37209600,Closed fracture of left calcaneal apophysis,Foot
37209599,Closed fracture of right calcaneal apophysis,Foot
37209169,Stress fracture of right tarsus,Foot
4282753,Closed fracture of medial cuneiform bone of foot,Foot
4219823,Closed fracture of lateral cuneiform bone of foot,Foot
4138414,Fracture of calcaneus,Foot
4136842,Fracture of cuboid,Foot
4135644,Fracture subluxation of joint of foot,Foot
4135634,Fracture dislocation of foot joint,Foot
4134338,Fracture of bone of forefoot,Foot
4134337,Fracture of navicular,Foot
4134336,Fracture of tarsal bone,Foot
4084803,Closed fracture of intermediate cuneiform bone of foot,Foot
4083490,Fracture of cuneiform,Foot
4048393,Fracture of foot,Foot
4017790,Closed fracture subluxation of midtarsal joint,Foot
4017673,Closed fracture dislocation foot,Foot
4016126,"Closed tarsal fractures, multiple",Foot
4015202,Closed fracture subluxation of subtalar joint,Foot
4015200,Closed fracture dislocation of midtarsal joint,Foot
4015199,Closed fracture dislocation of subtalar joint,Foot
4012580,"Closed fracture calcaneus, intra-articular",Foot
4012292,Closed fracture subluxation of foot,Foot
4009757,Multiple fractures of foot,Foot
4009748,"Closed fracture calcaneus, extra-articular",Foot
765340,Closed fracture of intermediate cuneiform bone of left foot,Foot
765339,Closed fracture of calcaneus bone of right foot,Foot
765012,Closed fracture of cuboid bone of right foot,Foot
760690,Stress fracture of left foot,Foot
760689,Stress fracture of right foot,Foot
760627,Stress fracture of left tarsus,Foot
760626,Stress fracture of left calcaneus,Foot
760625,Stress fracture of right calcaneus,Foot
760622,Stress fracture of navicular bone of left foot,Foot
760621,Stress fracture of navicular bone of right foot,Foot
760402,Closed fracture of sesamoid bone of left foot,Foot
760401,Closed fracture of sesamoid bone of right foot,Foot
760400,Closed fracture of left foot,Foot
760399,Closed fracture of right foot,Foot
760398,Closed fracture of tarsal bone of left foot,Foot
760397,Closed fracture of tarsal bone of right foot,Foot
760396,Closed fracture of intermediate cuneiform bone of right foot,Foot
760395,Closed fracture of lateral cuneiform bone of left foot,Foot
760394,Closed fracture of lateral cuneiform bone of right foot,Foot
760393,Closed fracture of medial cuneiform bone of left foot,Foot
760392,Closed fracture of medial cuneiform bone of right foot,Foot
760391,Closed fracture of calcaneus bone of left foot,Foot
760390,Closed fracture of cuboid bone of left foot,Foot
760349,Closed fracture of navicular bone of left foot,Foot
760348,Closed fracture of navicular bone of right foot,Foot
441980,Closed fracture of foot,Foot
437999,Closed fracture of cuneiform bone of foot,Foot
81707,Closed fracture of cuboid bone of foot,Foot
80241,Closed fracture of navicular bone of foot,Foot
80232,Closed fracture of calcaneus,Foot
40483548,Fracture of head of radius with dislocation of distal radioulnar joint and interosseous membrane disruption,Forearm
4136716,Fracture of radial head,Forearm
4083489,Fracture of coronoid process of ulna,Forearm
4083488,Fracture of olecranon,Forearm
4018218,Closed fracture subluxation superior radioulnar joint,Forearm
4017653,Closed fracture dislocation superior radioulnar joint,Forearm
4009436,"Closed fracture olecranon, intra-articular",Forearm
4009435,"Closed fracture olecranon, extra-articular",Forearm
765341,Closed fracture of head of right radius,Forearm
761981,Fracture of head of right radius,Forearm
760440,Closed fracture of head of left radius,Forearm
760268,Closed fracture of olecranon process of left ulna,Forearm
760267,Closed fracture of olecranon process of right ulna,Forearm
760262,Closed fracture of coronoid process of left ulna,Forearm
760261,Closed fracture of coronoid process of right ulna,Forearm
79172,Closed fracture of coronoid process of ulna,Forearm
73341,Closed fracture of head of radius,Forearm
73036,Closed fracture of olecranon process of ulna,Forearm
4118792,Elbow fracture - closed,Forearm
45767634,Closed fracture of navicular bone of wrist with dislocation of perilunate joint,Forearm
760451,Closed fracture of navicular bone of left wrist with dislocation of perilunate joint,Forearm
760450,Closed fracture of navicular bone of right wrist with dislocation of perilunate joint,Forearm
760449,Closed fracture of navicular bone of left wrist,Forearm
760448,Closed fracture of navicular bone of right wrist,Forearm
45773541,Closed fracture of proximal epiphysis of radius,Forearm
4136715,Fracture of proximal end of radius,Forearm
439940,Closed fracture of upper end of forearm,Forearm
4138300,Fracture of radial neck,Forearm
760501,Closed fracture of neck of left radius,Forearm
760500,Closed fracture of neck of right radius,Forearm
436837,Closed fracture of neck of radius,Forearm
46271800,Pathological fracture of distal radius and distal ulna,Forearm
45772718,Pathological fracture of radius due to osteoporosis,Forearm
45772713,Pathological fracture of radius due to secondary osteoporosis,Forearm
45772685,Closed fracture of hand,Forearm
45767045,Pathological fracture of ulna due to osteoporosis,Forearm
45767040,Pathological fracture of hand due to osteoporosis,Forearm
45767006,Pathological fracture of hand due to secondary osteoporosis,Forearm
45767001,Pathological fracture of ulna due to secondary osteoporosis,Forearm
45766942,Closed fracture of distal epiphysis of radius,Forearm
45766905,Pathological fracture of radius,Forearm
45766902,Pathological fracture of ulna,Forearm
42539096,Fracture of lower end of radius with dorsal tilt,Forearm
42537719,Fracture of lower end of radius with volar tilt,Forearm
40598639,Closed fracture of shaft of radius and ulna,Forearm
40491988,Closed extraarticular fracture of distal radius,Forearm
40489449,Greenstick fracture of distal radius,Forearm
40484196,Pathological fracture of distal ulna,Forearm
40484195,Pathological fracture of distal radius,Forearm
37209547,Closed fracture of metaphysis of distal end of right radius,Forearm
37209546,Closed fracture of metaphysis of distal end of left radius,Forearm
37209161,Closed fracture of lunate bone of left wrist,Forearm
37209160,Closed fracture of trapezoidal bone of left wrist,Forearm
37209159,Closed fracture of trapezoidal bone of right wrist,Forearm
37208072,Fracture of bone of right hand,Forearm
37208071,Fracture of bone of left hand,Forearm
37116502,Fracture of shaft of ulna and radius,Forearm
4328220,Fracture of triquetral bone of wrist,Forearm
4311941,Fracture of hamate bone of wrist,Forearm
4278672,Fracture of forearm,Forearm
4263567,Closed fracture of head of ulna,Forearm
4263321,Quervain's fracture,Forearm
4253933,Fracture of trapezium of wrist,Forearm
4249740,Fracture of capitate bone of wrist,Forearm
4248416,Closed multiple fractures of upper end of ulna,Forearm
4243344,Closed multiple fractures of upper end of radius,Forearm
4240329,Moore's fracture,Forearm
4222457,Fracture of pisiform bone of wrist,Forearm
4218884,Fracture of carpal bone,Forearm
4183283,Barton's fracture,Forearm
4182555,Fracture of ulna,Forearm
4164959,Closed fracture of styloid process of ulna,Forearm
4152174,Galeazzi fracture dislocation,Forearm
4146169,Closed Barton's fracture,Forearm
4145731,Fracture dislocation distal radioulnar joint,Forearm
4142415,Hutchinson's fracture,Forearm
4138301,Fracture of distal end of radius and ulna,Forearm
4138280,Fracture subluxation of joint of hand,Forearm
4137945,Fracture of scaphoid bone of wrist,Forearm
4136720,Fracture of sesamoid bone of hand,Forearm
4136719,Fracture of shaft of radius and/or ulna,Forearm
4136718,Fracture of proximal end of ulna,Forearm
4136717,Fracture of shaft of radius,Forearm
4136571,Fracture dislocation of perilunate joint,Forearm
4136570,Fracture dislocation of lunate,Forearm
4135743,Fracture of distal end of ulna,Forearm
4135742,Dorsal Barton's fracture,Forearm
4135642,Fracture subluxation of perilunate joint,Forearm
4135641,Fracture subluxation of lunate,Forearm
4135639,Fracture subluxation of midcarpal joint,Forearm
4135638,Fracture subluxation of radiocarpal joint,Forearm
4135637,Fracture subluxation of superior radioulnar joint,Forearm
4135099,Fracture dislocation of midcarpal joint,Forearm
4135098,Fracture dislocation of radiocarpal joint,Forearm
4134326,Fracture of proximal end of radius and ulna,Forearm
4134325,Fracture of shaft of ulna,Forearm
4134323,Volar Barton's fracture,Forearm
4134322,Fracture of distal end of radius,Forearm
4134304,Fracture subluxation of wrist,Forearm
4131595,Fracture of radius,Forearm
4118017,Pathological fracture - hand,Forearm
4105126,Fracture of ulnar styloid,Forearm
4105124,Transstyloid-perilunate fracture dislocation,Forearm
4105123,Transscaphoid-perilunate fracture dislocation,Forearm
4101989,Closed fracture of shaft of bone of forearm,Forearm
4097991,Skillern's fracture,Forearm
4085545,Volar transscaphoid-lunate fracture dislocation,Forearm
4085544,Transstyloid-scaphoid-perilunate fracture dislocation,Forearm
4085543,Transscaphoid-capitate-hamate-triquetral-perilunate fracture dislocation,Forearm
4083375,Fracture of radial styloid,Forearm
4083374,Transscaphoid-capitate-perilunate fracture dislocation,Forearm
4071876,Fracture of hand,Forearm
4063560,Fracture of lunate bone of wrist,Forearm
4049285,Closed reverse Colles' fracture,Forearm
4048846,Monteggia's fracture,Forearm
4047788,Reversed Colles' fracture,Forearm
4047787,Colles' fracture,Forearm
4032935,Fracture of trapezoidal bone of wrist,Forearm
4018226,Closed fracture subluxation perilunate transscaphoid,Forearm
4018225,Closed fracture subluxation of the wrist,Forearm
4018222,Closed fracture dislocation midcarpal,Forearm
4018221,Closed fracture dislocation of wrist,Forearm
4017661,Closed fracture subluxation midcarpal,Forearm
4017657,Closed fracture dislocation perilunate transscaphoid,Forearm
4017656,Closed fracture dislocation radiocarpal joint,Forearm
4017655,Closed fracture dislocation distal radioulnar joint,Forearm
4015971,Multiple fractures of forearm,Forearm
4015350,Fracture at wrist and/or hand level,Forearm
4015069,Closed fracture subluxation lunate,Forearm
4015068,Closed fracture subluxation radiocarpal joint,Forearm
4015067,Closed fracture subluxation of distal radioulnar joint,Forearm
4014076,"Closed fracture scaphoid, waist, oblique",Forearm
4014075,"Closed fracture scaphoid, waist, transverse",Forearm
4014066,Closed fracture radial styloid,Forearm
4014065,Closed dorsal Barton's fracture,Forearm
4014064,Closed volar Barton's fracture,Forearm
4014060,"Closed fracture radius and ulna, middle",Forearm
4014057,"Closed fracture proximal radius, comminuted",Forearm
4013476,"Closed fracture carpal bones, multiple",Forearm
4013469,Closed Galeazzi fracture,Forearm
4013465,"Closed fracture of proximal ulna, comminuted",Forearm
4012145,Closed fracture subluxation perilunate,Forearm
4012143,Closed fracture dislocation perilunate,Forearm
4012142,Closed fracture dislocation lunate,Forearm
4010527,Closed fracture of sesamoid bone of hand,Forearm
4010380,"Closed fracture scaphoid, tuberosity",Forearm
4010379,"Closed fracture scaphoid, waist, comminuted",Forearm
4010378,"Closed fracture hamate, hook",Forearm
4010373,"Closed fracture distal radius, intra-articular, die-punch",Forearm
4010371,"Closed fracture of ulna, lower epiphysis",Forearm
4009449,"Closed fracture scaphoid, proximal pole",Forearm
4009439,Smith's fracture - closed,Forearm
765350,Closed fracture of hamate bone of left wrist,Forearm
765347,Closed fracture of proximal end of left radius,Forearm
765346,Closed fracture of epiphyseal plate of distal end of left radius,Forearm
765343,Closed fracture of capitate bone of left wrist,Forearm
765328,Closed fracture of left ulna,Forearm
765324,Closed fracture of epiphyseal plate of distal right ulna,Forearm
765192,Pathological fracture of right radius due to osteoporosis,Forearm
765018,Closed fracture of left wrist,Forearm
765017,Closed fracture of trapezium bone of left wrist,Forearm
764591,Closed fracture of pisiform bone of right wrist,Forearm
764378,Pathological fracture of left ulna due to osteoporosis,Forearm
763792,Fracture of right radius,Forearm
761905,Fracture of distal end of right radius,Forearm
761086,Fracture of distal end of right ulna,Forearm
761015,Fracture of left ulna,Forearm
760995,Fracture of left radius,Forearm
760665,Pathological fracture of left radius,Forearm
760664,Pathological fracture of right radius,Forearm
760663,Pathological fracture of left ulna,Forearm
760662,Pathological fracture of right ulna,Forearm
760659,Pathological fracture of left radius due to osteoporosis,Forearm
760658,Pathological fracture of right ulna due to osteoporosis,Forearm
760655,Pathological fracture of left hand,Forearm
760654,Pathological fracture of right hand,Forearm
760652,Pathological fracture of left hand due to osteoporosis,Forearm
760651,Pathological fracture of right hand due to osteoporosis,Forearm
760523,Closed fracture of left hand,Forearm
760522,Closed fracture of right hand,Forearm
760519,Closed fracture of right wrist,Forearm
760517,Closed fracture of triquetral bone of left wrist,Forearm
760516,Closed fracture of triquetral bone of right wrist,Forearm
760515,Closed fracture of trapezium bone of right wrist,Forearm
760510,Closed fracture of lunate bone of right wrist,Forearm
760509,Closed fracture of hamate bone of right wrist,Forearm
760508,Closed fracture of left forearm,Forearm
760507,Closed fracture of right forearm,Forearm
760506,Closed fracture of left radius,Forearm
760505,Closed fracture of right radius,Forearm
760504,Closed fracture of proximal end of right radius,Forearm
760503,Closed fracture of proximal epiphyseal plate of left radius,Forearm
760502,Closed fracture of proximal epiphyseal plate of right radius,Forearm
760499,Closed fracture of shaft of left radius,Forearm
760498,Closed fracture of shaft of right radius,Forearm
760497,Closed fracture of distal end of left radius,Forearm
760496,Closed fracture of distal end of right radius,Forearm
760495,Closed fracture of epiphyseal plate of distal end of right radius,Forearm
760447,Closed fracture of capitate bone of right wrist,Forearm
760446,Closed fracture of pisiform bone of left wrist,Forearm
760271,Closed fracture of right ulna,Forearm
760270,Closed fracture of proximal end of left ulna,Forearm
760269,Closed fracture of proximal end of right ulna,Forearm
760266,Closed fracture of shaft of left ulna,Forearm
760265,Closed fracture of shaft of right ulna,Forearm
760264,Closed fracture of distal end of left ulna,Forearm
760263,Closed fracture of distal end of right ulna,Forearm
760212,Closed fracture of epiphyseal plate of distal left ulna,Forearm
443552,Closed torus fracture of radius,Forearm
443428,Torus fracture of radius,Forearm
442598,Fracture of radius AND ulna,Forearm
441974,Closed fracture of forearm,Forearm
441973,Closed fracture of proximal end of radius,Forearm
440544,Closed fracture of upper end of radius AND ulna,Forearm
440538,Closed fracture of lower end of radius AND ulna,Forearm
440511,Pathological fracture - forearm,Forearm
439166,Closed fracture of radius,Forearm
437400,Closed fracture of shaft of ulna,Forearm
437394,Closed fracture of lower end of forearm,Forearm
437123,Closed fracture of hamate bone of wrist,Forearm
437116,Closed fracture of distal end of radius,Forearm
436826,Closed fracture of shaft of radius,Forearm
436551,Closed fracture of trapezoidal bone of wrist,Forearm
436541,Closed fracture of ulna,Forearm
436251,Closed fracture of proximal end of ulna,Forearm
435950,Closed Colles' fracture,Forearm
435380,Closed fracture of radius AND ulna,Forearm
435374,Closed fracture of distal end of ulna,Forearm
434773,Closed multiple fractures of hand bones,Forearm
433886,Closed fracture of trapezium bone of wrist,Forearm
80854,Closed fracture of capitate bone of wrist,Forearm
80552,Closed fracture of scaphoid bone of wrist,Forearm
79165,Closed Monteggia's fracture,Forearm
78274,Closed fracture of pisiform bone of wrist,Forearm
75375,Closed fracture of lunate bone of wrist,Forearm
75091,Closed fracture of carpal bone,Forearm
74768,Closed fracture of triquetral bone of wrist,Forearm
4138275,Fracture dislocation of wrist joint,Forearm
4134305,Fracture subluxation of distal radioulnar joint,Forearm
4017654,Closed fracture subluxation elbow,Forearm
4173672,"Closed fracture of femur, subcapital",Hip
4160572,Pathological fracture of neck of femur associated with osteoporosis,Hip
4136840,Basicervical fracture of neck of femur,Hip
4136839,Midcervical fracture of neck of femur,Hip
4135747,Subcapital fracture of neck of femur,Hip
4015501,"Closed fracture of proximal femur, pertrochanteric",Hip
4015496,"Closed fracture proximal femur, subcapital, Garden grade IV",Hip
4015494,"Closed fracture proximal femur, transcervical",Hip
4012433,"Closed fracture proximal femur, subcapital, Garden grade II",Hip
4012431,"Closed fracture proximal femur, midcervical section",Hip
4009608,"Closed fracture proximal femur, subcapital, Garden grade III",Hip
4009607,"Closed fracture proximal femur, subcapital, Garden grade I",Hip
763864,Closed subcapital fracture of right femur,Hip
763793,Closed subcapital fracture of left femur,Hip
760643,Pathological fracture of neck of left femur,Hip
760642,Pathological fracture of neck of right femur,Hip
760414,Closed subcapital fracture of neck of left femur,Hip
760413,Closed subcapital fracture of neck of right femur,Hip
760412,Closed fracture of neck of left femur,Hip
760411,Closed fracture of neck of right femur,Hip
760410,Closed fracture of base of neck of left femur,Hip
760409,Closed fracture of base of neck of right femur,Hip
760406,Closed fracture of midcervical region of left femur,Hip
760405,Closed fracture of midcervical region of right femur,Hip
443459,Pathological fracture of neck of femur,Hip
440556,Closed transcervical fracture of femur,Hip
437703,Closed fracture of intracapsular section of femur,Hip
436247,Closed fracture of midcervical section of femur,Hip
435956,Closed fracture of base of neck of femur,Hip
434500,Closed fracture of neck of femur,Hip
433856,Fracture of neck of femur,Hip
46270166,Periprosthetic fracture of hip,Hip
45771398,Closed intra-articular fracture of head of femur,Hip
45767041,Pathological fracture of proximal femur due to osteoporosis,Hip
45767005,Pathological fracture of proximal femur due to secondary osteoporosis,Hip
45766906,Pathological fracture of proximal end of femur,Hip
45763653,Fracture of bone of hip region,Hip
44788772,"Closed fracture of femur, upper epiphysis",Hip
40493210,Closed fracture of trochanter of femur,Hip
40493184,Fracture of trochanter of femur,Hip
37311955,Fracture of proximal epiphysis of femur,Hip
37116533,Fracture of head of femur,Hip
4230399,Closed fracture of hip,Hip
4199545,Fracture subluxation of hip joint,Hip
4170313,"Closed fracture of femur, lesser trochanter",Hip
4167914,"Closed fracture of femur, greater trochanter",Hip
4145841,Closed fracture of acetabulum with dislocation of hip,Hip
4145054,Closed avulsion fracture of greater trochanter of femur,Hip
4142118,Closed avulsion fracture of lesser trochanter of femur,Hip
4138412,Fracture of proximal end of femur,Hip
4138277,Fracture dislocation of hip joint,Hip
4135748,Subtrochanteric fracture of femur,Hip
4133012,Intertrochanteric fracture,Hip
4103168,Fracture of greater trochanter,Hip
4027460,Closed pertrochanteric fracture,Hip
4018351,Closed fracture subluxation of hip joint,Hip
4015979,"Closed fracture proximal femur, intertrochanteric, comminuted",Hip
4015503,Pertrochanteric fracture,Hip
4015502,"Closed fracture proximal femur, intertrochanteric, two part",Hip
4015495,"Closed fracture proximal femur, transepiphyseal",Hip
4012285,Closed fracture dislocation of hip joint,Hip
4009610,"Closed fracture proximal femur, subtrochanteric",Hip
4009606,Closed fracture of head of femur,Hip
765036,Pathological fracture of left hip,Hip
765013,Closed fracture of epiphyseal plate of proximal end of left femur,Hip
761933,Subtrochanteric fracture of left femur,Hip
760696,Pathological fracture of left hip due to secondary osteoporosis,Hip
760694,Pathological fracture of right hip,Hip
760692,Pathological fracture of left hip due to osteoporosis,Hip
760691,Pathological fracture of right hip due to osteoporosis,Hip
760425,Closed fracture of epiphyseal plate of proximal end of right femur,Hip
760422,Closed fracture of lesser trochanter of left femur,Hip
760421,Closed fracture of lesser trochanter of right femur,Hip
760420,Closed fracture of greater trochanter of left femur,Hip
760419,Closed fracture of greater trochanter of right femur,Hip
760418,Closed intertrochanteric fracture of left femur,Hip
760417,Closed intertrochanteric fracture of right femur,Hip
760416,Closed intra-articular fracture of head of left femur,Hip
760415,Closed intra-articular fracture of head of right femur,Hip
760408,Closed subtrochanteric fracture of left femur,Hip
760407,Closed subtrochanteric fracture of right femur,Hip
760217,Closed fracture of proximal epiphysis of left femur,Hip
760216,Closed fracture of proximal epiphysis of right femur,Hip
136834,Closed intertrochanteric fracture,Hip
442560,Fracture of femur,Hip
435093,Closed fracture of femur,Hip
4017669,Fracture dislocation or subluxation hip,Hip
45767104,Closed transcondylar fracture of distal humerus,Humerus
45763685,Avulsion fracture of medial epicondyle of humerus,Humerus
40479208,Transcondylar fracture of distal humerus,Humerus
37309617,Closed fracture of capitellum of right humerus,Humerus
37309616,Closed fracture of capitellum of left humerus,Humerus
37116634,Fracture of medial condyle of humerus,Humerus
37116633,Fracture of lateral condyle of humerus,Humerus
4260258,Closed fracture of the medial epicondyle of humerus,Humerus
4085550,Fracture of the lateral humeral epicondyle,Humerus
4084432,Fracture of the medial humeral epicondyle,Humerus
4014050,"Closed fracture distal humerus, capitellum",Humerus
4013461,"Closed fracture distal humerus, lateral condyle",Humerus
765334,Closed transcondylar fracture of distal left humerus,Humerus
765333,Closed fracture of medial epicondyle of right humerus,Humerus
760336,Closed transcondylar fracture of distal right humerus,Humerus
760329,Closed fracture of medial epicondyle of left humerus,Humerus
760328,Closed fracture of lateral epicondyle of distal end of left humerus,Humerus
760327,Closed fracture of lateral epicondyle of distal end of right humerus,Humerus
760326,Closed fracture of lateral condyle of distal left humerus,Humerus
760325,Closed fracture of lateral condyle of distal right humerus,Humerus
760324,Closed fracture of medial condyle of left humerus,Humerus
760323,Closed fracture of medial condyle of right humerus,Humerus
434183,Closed fracture of medial condyle of humerus,Humerus
75385,"Closed fracture distal humerus, lateral epicondyle",Humerus
37311962,Fracture of anatomical neck of humerus,Humerus
37116630,Fracture of surgical neck of humerus,Humerus
36686183,Closed fracture of neck of left scapula,Humerus
4134321,Fracture of neck of humerus,Humerus
4044387,Fracture of glenoid cavity AND neck of scapula,Humerus
4013920,"Closed fracture proximal humerus, neck",Humerus
760490,Closed fracture of neck of right scapula,Humerus
760314,Closed fracture of surgical neck of left humerus,Humerus
760313,Closed fracture of surgical neck of right humerus,Humerus
760312,Closed fracture of anatomical neck of proximal left humerus,Humerus
760311,Closed fracture of anatomical neck of proximal right humerus,Humerus
440853,Closed fracture of surgical neck of humerus,Humerus
440230,"Closed fracture of proximal humerus, anatomical neck",Humerus
4165047,Fracture of multiple bones of upper limb,Humerus
4282857,Closed fracture of upper limb,Humerus
46270317,Fracture of shoulder,Humerus
45767610,Closed fracture of epiphyseal plate of distal humerus,Humerus
45767043,Pathological fracture of scapula due to osteoporosis,Humerus
45767042,Pathological fracture of humerus due to osteoporosis,Humerus
45767036,Pathological fracture of clavicle due to osteoporosis,Humerus
45767010,Pathological fracture of clavicle due to secondary osteoporosis,Humerus
45767004,Pathological fracture of humerus due to secondary osteoporosis,Humerus
45767003,Pathological fracture of scapula due to secondary osteoporosis,Humerus
45766940,Closed fracture of shoulder,Humerus
45766722,Closed fracture of lesser tuberosity of humerus,Humerus
37311960,Fracture of head of humerus,Humerus
37209174,Pathological fracture of right scapula due to osteoporosis,Humerus
37208089,Fracture of bone of left shoulder,Humerus
37116635,Multiple fractures of humerus,Humerus
37116632,Fracture of lesser tuberosity of humerus,Humerus
37116631,Fracture of greater tuberosity of humerus,Humerus
37116629,Multiple fractures of scapula,Humerus
37116628,Multiple fractures of clavicle,Humerus
36675164,Fractures involving multiple regions of right upper limb,Humerus
36675163,Fractures involving multiple regions of left upper limb,Humerus
36675162,Closed fractures involving multiple regions of right upper limb,Humerus
4338231,Fracture of interligamentous part of clavicle,Humerus
4337263,Fracture of acromial process of scapula,Humerus
4319889,Fracture of scapula,Humerus
4313341,Pathological fracture of clavicle,Humerus
4307551,Pathological fracture of scapula,Humerus
4237458,Fracture of clavicle,Humerus
4230454,Fracture of scapular body,Humerus
4219822,Fracture of shaft of clavicle,Humerus
4218146,Closed fracture dislocation of joint of shoulder girdle,Humerus
4213266,Fracture dislocation of joint of shoulder girdle,Humerus
4211244,Fracture of sternal end of clavicle,Humerus
4210438,Closed multiple fractures of clavicle and/or scapula and/or humerus,Humerus
4199441,Fracture of acromial end of clavicle,Humerus
4185307,Closed fracture of head of humerus,Humerus
4179653,Closed fracture of scapular body,Humerus
4175616,Fracture of shaft of humerus,Humerus
4174655,Fracture of coracoid process of scapula,Humerus
4138299,Fracture of distal end of humerus,Humerus
4136714,Supracondylar fracture of humerus,Humerus
4136688,Fracture subluxation of shoulder joint,Humerus
4136569,Fracture dislocation of scapulothoracic joint,Humerus
4134187,Fracture dislocation of shoulder joint,Humerus
4133610,Fracture of upper end of humerus,Humerus
4117701,Pathological fracture - shoulder,Humerus
4050747,Fracture of upper limb,Humerus
4018214,Closed fracture subluxation acromioclavicular joint,Humerus
4018213,Closed fracture dislocation shoulder joint,Humerus
4015970,"Multiple fractures of clavicle, scapula and humerus",Humerus
4015058,Closed fracture subluxation shoulder joint,Humerus
4015055,Closed fracture dislocation acromioclavicular joint,Humerus
4014051,"Closed fracture of distal humerus, multiple",Humerus
4013462,"Closed fracture distal humerus, bicondylar",Humerus
4013458,"Closed fracture proximal humerus, four part",Humerus
4013454,"Closed fracture scapula, blade",Humerus
4013453,"Closed fracture scapula, glenoid",Humerus
4010363,"Closed fracture of distal humerus, trochlea",Humerus
4010239,"Closed fracture proximal humerus, three part",Humerus
4009302,"Closed fracture of humerus, upper epiphysis",Humerus
4009299,"Closed fracture scapula, neck",Humerus
4009298,"Closed fracture scapula, spine",Humerus
765893,Pathological fracture of left humerus due to osteoporosis,Humerus
765351,Closed fracture of left shoulder,Humerus
765342,Closed fracture of glenoid cavity of left scapula,Humerus
765326,Closed fracture of epiphyseal plate of proximal left humerus,Humerus
765121,Supracondylar fracture of left humerus,Humerus
765031,Pathological fracture of left clavicle,Humerus
765009,Closed fracture of right humerus,Humerus
761956,Supracondylar fracture of right humerus,Humerus
761943,Comminuted fracture of left humerus,Humerus
760669,Pathological fracture of left scapula,Humerus
760668,Pathological fracture of right scapula,Humerus
760667,Pathological fracture of left scapula due to osteoporosis,Humerus
760592,Pathological fracture of right clavicle due to secondary osteoporosis,Humerus
760591,Pathological fracture of right clavicle,Humerus
760590,Pathological fracture of left clavicle due to osteoporosis,Humerus
760589,Pathological fracture of right clavicle due to osteoporosis,Humerus
760588,Pathological fracture of left humerus due to secondary osteoporosis,Humerus
760587,Pathological fracture of right humerus due to secondary osteoporosis,Humerus
760586,Pathological fracture of left humerus,Humerus
760585,Pathological fracture of right humerus,Humerus
760583,Pathological fracture of right humerus due to osteoporosis,Humerus
760518,Closed fracture of right shoulder,Humerus
760494,Closed fracture of left scapula,Humerus
760493,Closed fracture of right scapula,Humerus
760492,Closed fracture of body of left scapula,Humerus
760491,Closed fracture of body of right scapula,Humerus
760445,Closed fracture of acromial process of left scapula,Humerus
760444,Closed fracture of acromial process of right scapula,Humerus
760443,Closed fracture of coracoid process of left scapula,Humerus
760442,Closed fracture of coracoid process of right scapula,Humerus
760441,Closed fracture of glenoid cavity of right scapula,Humerus
760344,Closed fracture of left clavicle,Humerus
760343,Closed fracture of sternal end of left clavicle,Humerus
760342,Closed fracture of sternal end of right clavicle,Humerus
760341,Closed fracture of acromial end of left clavicle,Humerus
760340,Closed fracture of acromial end of right clavicle,Humerus
760339,Closed fracture of shaft of left clavicle,Humerus
760338,Closed fracture of shaft of right clavicle,Humerus
760337,Closed fracture of left humerus,Humerus
760335,Closed fracture of epiphyseal plate of distal left humerus,Humerus
760334,Closed fracture of epiphyseal plate of distal end of right humerus,Humerus
760333,Closed fracture of distal end of left humerus,Humerus
760332,Closed fracture of distal end of right humerus,Humerus
760331,Closed supracondylar fracture of left humerus,Humerus
760330,Closed supracondylar fracture of right humerus,Humerus
760322,Closed fracture of shaft of left humerus,Humerus
760321,Closed fracture of shaft of right humerus,Humerus
760320,Closed fracture of lesser tuberosity of left humerus,Humerus
760319,Closed fracture of lesser tuberosity of right humerus,Humerus
760318,Closed fracture of proximal left humerus,Humerus
760317,Closed fracture of proximal right humerus,Humerus
760316,Closed fracture of greater tuberosity of proximal left humerus,Humerus
760315,Closed fracture of greater tuberosity of proximal right humerus,Humerus
760226,Closed fracture of epiphyseal plate of proximal right humerus,Humerus
759877,Closed fracture of right clavicle,Humerus
442619,Fracture of humerus,Humerus
441699,"Closed fracture proximal humerus, greater tuberosity",Humerus
441422,Closed fracture of humerus,Humerus
440228,Closed fracture of lower end of humerus,Humerus
439941,Closed fracture of condyle of humerus,Humerus
436206,Pathological fracture - upper arm,Humerus
435940,Closed fracture of shaft of humerus,Humerus
434494,Closed fracture of upper end of humerus,Humerus
433885,Closed supracondylar fracture of humerus,Humerus
432463,Closed fracture of acromial end of clavicle,Humerus
432461,Closed fracture of shaft of clavicle,Humerus
138582,Closed fracture of acromial process of scapula,Humerus
137111,"Closed fracture scapula, coracoid",Humerus
135939,Closed fracture of sternal end of clavicle,Humerus
81426,Closed fracture of clavicle,Humerus
79938,Closed fracture of scapula,Humerus
4280503,Multiple fractures of upper limb with ribs,Humerus
4246617,Closed fracture of multiple bones of upper limb,Humerus
4240204,Closed multiple fractures of upper limb with ribs,Humerus
4012430,Fractures involving multiple regions of both upper limbs,Humerus
4209559,Closed fractures involving multiple regions upper with lower limb,Humerus
36675161,Closed fractures involving multiple regions of left upper limb,Humerus
4318109,Metaphyseal fracture of bone of upper limb,Humerus
4308550,Fractures involing multiple regions of upper limb(s) with lower limb(s),Humerus
4261321,Multiple fractures of upper AND lower limbs,Humerus
4208503,Closed fractures involving multiple regions of both upper limbs,Humerus
4201447,Closed multiple fractures of both upper limbs,Humerus
4144831,Closed multiple fractures of upper limb with sternum,Humerus
4138279,Fracture subluxation of sternoclavicular joint,Humerus
4136568,Fracture dislocation of acromioclavicular joint,Humerus
4135097,Fracture dislocation of joint of upper limb,Humerus
4134303,Fracture subluxation of acromioclavicular joint,Humerus
4134186,Fracture dislocation of sternoclavicular joint,Humerus
4085546,Fracture subluxation of joint of upper limb,Humerus
4059163,Multiple fractures of upper limb with sternum,Humerus
4018944,"Closed fracture dislocation sternoclavicular joint, posterior",Humerus
4017796,"Closed fracture subluxation sternoclavicular joint, posterior",Humerus
4015969,Ill-defined fractures of upper limb,Humerus
4014207,"Closed fracture subluxation sternoclavicular joint, anterior",Humerus
4014203,"Closed fracture dislocation sternoclavicular joint, anterior",Humerus
763809,Fracture of right upper limb,Humerus
763808,Fracture of left upper limb,Humerus
763807,Closed fracture of right upper limb,Humerus
763806,Closed fracture of left upper limb,Humerus
437995,Closed ill-defined fractures of upper limb,Humerus
198885,Closed multiple fractures of upper AND lower limbs,Humerus
40441585,Stress fracture,Nonspecific
40479594,Periprosthetic fracture,Nonspecific
4307254,Closed fracture,Nonspecific
40480160,Pathological fracture due to osteoporosis,Nonspecific
73571,Pathological fracture,Nonspecific
75053,Fracture of bone,Nonspecific
45772069,Pathological fracture due to secondary osteoporosis,Nonspecific
45770985,Simple fracture of bone,Nonspecific
45768479,Complicated fracture of bone,Nonspecific
45765590,Insufficiency fracture,Nonspecific
44806637,Pathological fracture dislocation,Nonspecific
44791986,Minimal trauma fracture,Nonspecific
40481450,Compression fracture,Nonspecific
37311961,Fracture of bone after implantation of orthopedic device,Nonspecific
37310880,Fracture of bone due to accidental fall,Nonspecific
35610064,Greenstick fracture of bone,Nonspecific
35610063,Spiral fracture of bone,Nonspecific
4192646,Closed fracture of innominate bone,Nonspecific
4190345,Closed fracture involving joint,Nonspecific
4178638,Fracture of sesamoid bone,Nonspecific
4136573,Fracture subluxation of joint,Nonspecific
4134184,Fracture dislocation of joint,Nonspecific
4069306,Idiopathic osteoporosis with pathological fracture,Nonspecific
4067768,Postmenopausal osteoporosis with pathological fracture,Nonspecific
4067765,Drug-induced osteoporosis with pathological fracture,Nonspecific
4004624,Post-surgical malabsorption osteoporosis with pathological fracture,Nonspecific
4003483,Osteoporosis of disuse with pathological fracture,Nonspecific
4003482,Postoophorectomy osteoporosis with pathological fracture,Nonspecific
45767664,Closed transverse and posterior wall fracture of acetabulum,Pelvic
45767662,Closed fracture of roof of acetabulum,Pelvic
45767654,Closed fracture of posterior wall of acetabulum,Pelvic
45767652,Closed fracture of anterior column and posterior column of acetabulum,Pelvic
45767650,Closed fracture of medial wall of acetabulum,Pelvic
45767635,Closed fracture of anterior wall of acetabulum,Pelvic
45767135,Closed transverse fracture of acetabulum,Pelvic
37310090,Closed fracture of transverse and posterior wall of left acetabulum,Pelvic
37310089,Closed fracture of roof of right acetabulum,Pelvic
37310088,Closed fracture of roof of left acetabulum,Pelvic
37209642,Closed fracture of anterior column of left acetabulum,Pelvic
37209372,Closed fracture of trochanter of right femur,Pelvic
37209371,Closed fracture of trochanter of left femur,Pelvic
37209370,Closed fracture of head of right femur,Pelvic
37209369,Closed fracture of head of left femur,Pelvic
37209165,Closed fracture of triradiate cartilage and epiphysis of left acetabulum,Pelvic
37209164,Closed fracture of triradiate cartilage and epiphysis of right acetabulum,Pelvic
36716593,Fracture of acetabulum without disruption of pelvic ring,Pelvic
4276036,Fracture of acetabulum,Pelvic
4201092,Central fracture dislocation acetabulum,Pelvic
4013898,"Closed fracture acetabulum, double column transverse",Pelvic
4013897,"Closed fracture acetabulum, floor",Pelvic
4008520,"Closed fracture acetabulum, posterior column",Pelvic
4008519,"Closed fracture acetabulum, anterior column",Pelvic
765187,Closed fracture of anterior wall of left acetabulum,Pelvic
765186,Closed fracture of right acetabulum,Pelvic
760619,Closed fracture of medial wall of left acetabulum,Pelvic
760618,Closed fracture of medial wall of right acetabulum,Pelvic
760617,Closed fracture of posterior wall of left acetabulum,Pelvic
760616,Closed fracture of posterior wall of right acetabulum,Pelvic
760615,Closed fracture of anterior wall of right acetabulum,Pelvic
760614,Closed fracture of anterior column and posterior column of left acetabulum,Pelvic
760613,Closed fracture of anterior column and posterior column of right acetabulum,Pelvic
760612,Closed transverse fracture of left acetabulum,Pelvic
760611,Closed transverse fracture of right acetabulum,Pelvic
760610,Closed fracture of left acetabulum,Pelvic
760609,Closed transverse and posterior wall fracture of right acetabulum,Pelvic
760608,Closed fracture of posterior column of left acetabulum,Pelvic
760606,Closed fracture of anterior column of right acetabulum,Pelvic
760605,Closed fracture of posterior column of right acetabulum,Pelvic
81696,Closed fracture of acetabulum,Pelvic
35624169,Closed fracture of coccyx,Pelvic
4129420,Fracture of sacrum,Pelvic
4053654,Fracture of coccyx,Pelvic
4013160,Closed fracture sacrum,Pelvic
4009916,Closed vertical fracture of sacrum,Pelvic
4009915,Closed compression fracture sacrum,Pelvic
434140,Pathological fracture - pelvis and/or thigh,Pelvic
4300192,Fracture of pelvis,Pelvic
4296627,Fracture of ilium,Pelvic
4263360,Fracture of pubis,Pelvic
4136722,Multiple pelvic fractures,Pelvic
4018943,Closed fracture dislocation of pelvis,Pelvic
4015210,Closed fracture subluxation of pelvis,Pelvic
4013908,Closed vertical fracture of ilium,Pelvic
4013907,"Closed fracture pelvis, anterior superior iliac spine",Pelvic
4013906,"Closed fracture pelvis, ischial tuberosity",Pelvic
4013901,"Closed fracture pelvis, single pubic ramus",Pelvic
4013896,Fracture or disruption of pelvis,Pelvic
4013328,"Closed fracture pelvis, iliac wing",Pelvic
4013325,"Closed fracture pelvis, multiple pubic rami - unstable",Pelvic
4013322,"Closed fracture acetabulum, anterior lip alone",Pelvic
4010229,Closed fracture dislocation of sacroiliac joint,Pelvic
4010228,"Closed fracture pelvis, anterior inferior iliac spine",Pelvic
4010221,"Closed fracture acetabulum, posterior lip alone",Pelvic
4008524,"Closed fracture pelvis, multiple pubic rami - stable",Pelvic
80861,Closed fracture of ischium,Pelvic
77129,Closed fracture of pelvis,Pelvic
76240,Closed fracture pubis,Pelvic
40480932,Stress fracture of sacrum,Pelvic
36717600,Fracture of sacrum without disruption of pelvic ring,Pelvic
4323067,Closed avulsion fracture of anterior superior iliac spine of pelvis,Pelvic
4139363,Closed avulsion fracture of anterior inferior iliac spine of pelvis,Pelvic
4013613,Fracture of lumbar spine and/or pelvis,Pelvic
4010074,Closed fracture of sacrum with complete cauda equina lesion,Pelvic
4008356,Multiple fractures of lumbar spine and/or pelvis,Pelvic
765032,Closed avulsion fracture of anterior superior spine of left ilium,Pelvic
764905,"Compression fracture of lumbosacral vertebra, nontraumatic",Pelvic
764678,Compression fracture of lumbosacral spine,Pelvic
760596,Closed avulsion fracture of anterior superior spine of right ilium,Pelvic
760595,Closed avulsion fracture of anterior inferior spine of left ilium,Pelvic
760594,Closed avulsion fracture of anterior inferior spine of right ilium,Pelvic
81425,Closed fracture of sacrum AND/OR coccyx with complete cauda equina lesion,Pelvic
75949,Closed fracture of sacrum AND/OR coccyx with cauda equina injury,Pelvic
46273403,Closed Malgaigne fracture,Pelvic
46270104,Fracture of pubic tubercle,Pelvic
45772690,Stress fracture of pubic rami,Pelvic
45772063,Multiple closed anterior-posterior compression fractures of pelvis with stable pelvic ring,Pelvic
45757297,Multiple closed anterior-posterior compression fractures of pelvis with unstable pelvic ring,Pelvic
40479211,Stress fracture of pubis,Pelvic
36717580,Fracture of ilium without disruption of pelvic ring,Pelvic
36716597,Fracture of pelvic ring with complete disruption of posterior arch,Pelvic
36716596,Fracture of pelvic ring with incomplete disruption of posterior arch,Pelvic
36716595,Fracture of ischium without disruption of pelvic ring,Pelvic
36716594,Fracture of pubis without disruption of pelvic ring,Pelvic
36716592,Fracture of pelvic bone without disruption of posterior arch of pelvic ring,Pelvic
4327113,Closed fracture of triradiate cartilage and epiphysis of acetabulum,Pelvic
4326518,Multiple unstable closed vertical shear fractures of pelvis,Pelvic
4323892,Multiple stable closed lateral compression fractures of pelvis,Pelvic
4309930,Fractures involving thorax with lower back and pelvis,Pelvic
4308849,Fractures involving thorax with lower back and pelvis with limb(s),Pelvic
4181796,Multiple closed anterior-posterior compression fractures of pelvis,Pelvic
4177048,Multiple unstable closed lateral compression fractures of pelvis,Pelvic
4158479,Fracture of iliac wing,Pelvic
4144316,Pathological fracture of pelvis,Pelvic
4138411,Fracture of multiple pubic rami,Pelvic
4138410,Fracture of single pubic ramus,Pelvic
4138304,Fracture of iliac crest,Pelvic
4138303,Vertical fracture of ilium,Pelvic
4138278,Fracture subluxation of sacroiliac joint,Pelvic
4136721,Fracture of ischium,Pelvic
4136574,Fracture subluxation of symphysis pubis,Pelvic
4135095,Fracture dislocation of symphysis pubis,Pelvic
4134327,Fracture of ischial tuberosity,Pelvic
4134185,Fracture dislocation of sacroiliac joint,Pelvic
4117117,Fracture of inferior pubic ramus,Pelvic
4117116,Fracture of superior pubic ramus,Pelvic
4107370,Duverney's fracture,Pelvic
4083817,Fracture dislocation of lumbosacral junction,Pelvic
4028985,Fracture of pubic rami,Pelvic
765185,Closed fracture of left ischium,Pelvic
765184,Closed fracture of left ilium,Pelvic
760604,Closed fracture of right ischium,Pelvic
760603,Closed fracture of left pubis,Pelvic
760601,Stress fracture of left pubic ramus,Pelvic
760600,Stress fracture of right pubic ramus,Pelvic
760597,Closed fracture of right ilium,Pelvic
81141,Closed fracture of ilium,Pelvic
77702,Multiple closed fractures of pelvis with disruption of pelvic circle,Pelvic
77362,Stress fracture of pelvis,Pelvic
45766904,Pathological fracture of rib,Rib
37209181,Pathological fracture of right rib due to osteoporosis,Rib
37209180,Pathological fracture of left rib due to osteoporosis,Rib
4302740,Fracture of sternum,Rib
4288590,Fracture of five ribs,Rib
4262242,Fracture of eight OR more ribs,Rib
4239149,Fracture of three ribs,Rib
4202042,Fracture of four ribs,Rib
4142905,Fracture of rib,Rib
4136498,Fracture of two ribs,Rib
4135752,Multiple fractures of sternum,Rib
4128914,Fracture of multiple ribs,Rib
4066613,Fracture of one rib,Rib
4043407,Multiple fractures of upper limb with sternum AND ribs,Rib
4032944,Fracture of six ribs,Rib
4032308,Fracture of seven ribs,Rib
4015209,Closed fracture dislocation of sternum,Rib
4014206,Closed fracture subluxation of sternum,Rib
4010220,Cough fracture of ribs,Rib
765000,Closed fracture of multiple left and right ribs,Rib
760851,Fracture of left rib,Rib
760849,Fracture of right rib,Rib
760698,Pathological fracture of left rib,Rib
760697,Pathological fracture of right rib,Rib
760260,Closed fracture of multiple left ribs,Rib
760259,Closed fracture of multiple right ribs,Rib
760258,Closed fracture of single left rib,Rib
760257,Closed fracture of single right rib,Rib
436832,Closed fracture of sternum,Rib
80852,Closed fracture of four ribs,Rib
80541,Closed fracture of eight OR more ribs,Rib
78273,Closed fracture of multiple ribs,Rib
77701,Closed fracture of six ribs,Rib
75941,Closed fracture of one rib,Rib
74188,Closed fracture of rib,Rib
73884,Closed fracture of three ribs,Rib
73614,Closed fracture of seven ribs,Rib
73041,Closed fracture of five ribs,Rib
72459,Closed fracture of two ribs,Rib
765401,Sternal fracture with retrosternal contusion,Rib
761998,Fracture of manubrium sterni,Rib
434770,Closed fracture of bones of trunk,Rib
4015631,Closed fracture intercondylar spine of tibia,Tibia and Fibula
4187096,Fracture of lower limb,Tibia and Fibula
4009794,Closed fracture of upper end of lower leg,Tibia and Fibula
438884,Fracture of upper end of lower leg,Tibia and Fibula
45772781,Closed fracture of epiphyseal plate of distal fibula,Tibia and Fibula
45771423,Pathological fracture of ankle due to osteoporosis,Tibia and Fibula
45767614,Closed fracture of epiphyseal plate of distal tibia,Tibia and Fibula
45767011,Pathological fracture of ankle due to secondary osteoporosis,Tibia and Fibula
45766908,Pathological fracture of ankle,Tibia and Fibula
45766823,Stress fracture of ankle,Tibia and Fibula
42539575,Fracture of distal fibula above syndesmosis,Tibia and Fibula
42537264,Avulsion fracture of anterior fibula,Tibia and Fibula
42536838,Avulsion of ligament with bony fragment of medial malleolus,Tibia and Fibula
42536837,Fracture of lateral malleolus at syndesmosis,Tibia and Fibula
42536836,Avulsion of ligament with bony fragment of lateral malleolus,Tibia and Fibula
42536834,Fracture of lateral malleolus below syndesmosis,Tibia and Fibula
40487351,Closed pilon fracture,Tibia and Fibula
40483378,Closed fracture of distal tibia and distal fibula,Tibia and Fibula
37118665,Complicated fracture of ankle,Tibia and Fibula
4338387,Gosselin's fracture,Tibia and Fibula
4185758,Fracture of lower leg,Tibia and Fibula
4154098,Dupuytren's fracture dislocation ankle,Tibia and Fibula
4146461,Closed fracture of distal fibula,Tibia and Fibula
4136841,Pilon fracture,Tibia and Fibula
4135633,Fracture dislocation of ankle joint,Tibia and Fibula
4134335,Bimalleolar fracture of ankle,Tibia and Fibula
4134334,Fracture of distal end of fibula,Tibia and Fibula
4134333,Tilleau fracture,Tibia and Fibula
4134307,Fracture subluxation of ankle joint,Tibia and Fibula
4133194,Fracture of distal end of tibia,Tibia and Fibula
4115176,Pathological fracture - ankle and/or foot,Tibia and Fibula
4105127,Fracture of medial malleolus,Tibia and Fibula
4085552,Fracture of lateral malleolus,Tibia and Fibula
4084433,Fracture of posterior malleolus,Tibia and Fibula
4059173,Fracture of ankle,Tibia and Fibula
4047789,Trimalleolar fracture,Tibia and Fibula
4015648,"Closed fracture ankle, trimalleolar, high fibular fracture",Tibia and Fibula
4015647,"Closed fracture ankle, trimalleolar, low fibular fracture",Tibia and Fibula
4015645,"Closed fracture ankle, bimalleolar, low fibular fracture",Tibia and Fibula
4015643,"Closed fracture ankle, lateral malleolus, high",Tibia and Fibula
4015642,"Closed fracture ankle, lateral malleolus, low",Tibia and Fibula
4015636,"Closed fracture distal tibia, extra-articular",Tibia and Fibula
4015198,Closed fracture subluxation of ankle joint,Tibia and Fibula
4015197,Closed fracture dislocation of ankle joint,Tibia and Fibula
4012455,Closed fracture distal tibia,Tibia and Fibula
4009747,"Closed fracture ankle, bimalleolar, high fibular fracture",Tibia and Fibula
4009744,"Closed fracture distal tibia, intra-articular",Tibia and Fibula
765327,Closed fracture of medial malleolus of right distal tibia,Tibia and Fibula
765191,Pathological fracture of left ankle due to osteoporosis,Tibia and Fibula
765188,Pathological fracture of right foot due to osteoporosis,Tibia and Fibula
765007,Closed fracture of left pilon,Tibia and Fibula
760671,Stress fracture of left ankle,Tibia and Fibula
760670,Stress fracture of right ankle,Tibia and Fibula
760649,Pathological fracture of left ankle,Tibia and Fibula
760648,Pathological fracture of right ankle,Tibia and Fibula
760647,Pathological fracture of right ankle due to osteoporosis,Tibia and Fibula
760634,Pathological fracture of left foot due to secondary osteoporosis,Tibia and Fibula
760347,Closed fracture of left ankle,Tibia and Fibula
760346,Closed fracture of right ankle,Tibia and Fibula
760278,Closed fracture of epiphyseal plate of distal left fibula,Tibia and Fibula
760277,Closed fracture of epiphyseal plate of distal right fibula,Tibia and Fibula
760276,Closed fracture of distal left fibula,Tibia and Fibula
760275,Closed fracture of distal right fibula,Tibia and Fibula
760274,Closed fracture of lateral malleolus of left fibula,Tibia and Fibula
760273,Closed fracture of lateral malleolus of right fibula,Tibia and Fibula
760239,Closed fracture of epiphyseal plate of distal end of left tibia,Tibia and Fibula
760238,Closed fracture of epiphyseal plate of distal end of right tibia,Tibia and Fibula
760237,Closed fracture of distal end of left tibia,Tibia and Fibula
760236,Closed fracture of distal end of right tibia,Tibia and Fibula
760235,Closed fracture of medial malleolus of left distal tibia,Tibia and Fibula
760234,Closed bimalleolar fracture of left ankle,Tibia and Fibula
760233,Closed bimalleolar fracture of right ankle,Tibia and Fibula
760232,Closed trimalleolar fracture of left ankle,Tibia and Fibula
760231,Closed trimalleolar fracture of right ankle,Tibia and Fibula
441428,Closed fracture of lateral malleolus,Tibia and Fibula
441155,Closed trimalleolar fracture,Tibia and Fibula
439162,Closed fracture of medial malleolus,Tibia and Fibula
438879,Closed bimalleolar fracture,Tibia and Fibula
75095,Closed fracture of ankle,Tibia and Fibula
4018355,Closed fracture subluxation of patellofemoral joint,Tibia and Fibula
4018354,Closed fracture dislocation of patellofemoral joint,Tibia and Fibula
4172917,Closed fracture of condyle of tibia,Tibia and Fibula
4016109,"Closed fracture proximal tibia, bicondylar",Tibia and Fibula
4015992,"Closed fracture proximal tibia, lateral condyle",Tibia and Fibula
4015991,"Closed fracture proximal tibia, medial condyle",Tibia and Fibula
763796,Closed bicondylar fracture of plateau of left tibia,Tibia and Fibula
760246,Closed bicondylar fracture of plateau of right tibia,Tibia and Fibula
760245,Closed fracture of medial condyle of proximal left tibia,Tibia and Fibula
760244,Closed fracture of medial condyle of right proximal tibia,Tibia and Fibula
760243,Closed fracture of lateral condyle of proximal left tibia,Tibia and Fibula
760242,Closed fracture of lateral condyle of proximal right tibia,Tibia and Fibula
4083802,Fracture of tibial spine,Tibia and Fibula
4012451,"Closed fracture fibula, neck",Tibia and Fibula
763786,Closed fracture of spine of right tibia,Tibia and Fibula
760249,Closed fracture of left tibial spine,Tibia and Fibula
4179811,Closed osteochondral fracture of patella,Tibia and Fibula
4177025,Fracture of patella,Tibia and Fibula
4176010,Closed fracture of bone of knee joint,Tibia and Fibula
4143864,Comminuted fracture of patella,Tibia and Fibula
4139513,Pathological fracture of patella,Tibia and Fibula
4136690,Fracture subluxation of patellofemoral joint,Tibia and Fibula
4136689,Fracture subluxation of knee joint,Tibia and Fibula
4136572,Fracture dislocation of knee joint,Tibia and Fibula
4135632,Fracture dislocation of patellofemoral joint,Tibia and Fibula
4018353,Closed fracture dislocation of knee joint,Tibia and Fibula
4017670,Closed fracture subluxation of knee joint,Tibia and Fibula
4015990,"Closed fracture patella, distal pole",Tibia and Fibula
4015989,"Closed fracture patella, proximal pole",Tibia and Fibula
4015988,"Closed fracture patella, transverse",Tibia and Fibula
4015628,"Closed fracture patella, comminuted",Tibia and Fibula
4012447,"Closed fracture patella, vertical",Tibia and Fibula
765189,Pathological fracture of right patella,Tibia and Fibula
760635,Pathological fracture of left patella,Tibia and Fibula
760404,Closed fracture of left patella,Tibia and Fibula
760403,Closed fracture of right patella,Tibia and Fibula
436539,Closed fracture of patella,Tibia and Fibula
4246544,Multiple fractures of lower limb AND ribs,Tibia and Fibula
4236745,Multiple fractures of lower limb with ribs AND sternum,Tibia and Fibula
4203441,Closed multiple fractures of lower limb AND ribs,Tibia and Fibula
4199590,Closed fracture of lower limb,Tibia and Fibula
442348,Closed multiple fractures of lower limb with ribs AND sternum,Tibia and Fibula
46270333,Stress fracture of tibia and fibula,Tibia and Fibula
45767625,Closed fracture of epiphyseal plate of proximal tibia,Tibia and Fibula
45767044,Pathological fracture of tibia due to osteoporosis,Tibia and Fibula
45767002,Pathological fracture of tibia due to secondary osteoporosis,Tibia and Fibula
45766762,Closed bicondylar fracture of tibial plateau,Tibia and Fibula
42536718,Fracture of medial condyle of tibia,Tibia and Fibula
42536717,Fracture of lateral condyle of tibia,Tibia and Fibula
42536715,Fracture of metaphysis of proximal tibia,Tibia and Fibula
40491340,Closed fracture of tibia,Tibia and Fibula
40484013,Stress fracture of fibula,Tibia and Fibula
40483848,Pathological fracture of tibia,Tibia and Fibula
40482293,Stress fracture of tibia,Tibia and Fibula
36675160,Fractures involving multiple regions of right lower limb,Tibia and Fibula
36675159,Fractures involving multiple regions of left lower limb,Tibia and Fibula
4320628,Fracture of shaft of tibia,Tibia and Fibula
4309482,Fractures involving multiple regions of both lower limbs,Tibia and Fibula
4213109,Fracture of tibia AND fibula,Tibia and Fibula
4211657,Closed fracture of lower leg,Tibia and Fibula
4181319,Closed osteochondral fracture of proximal tibia,Tibia and Fibula
4180747,Fracture of tibial plateau,Tibia and Fibula
4177534,Closed fracture of tibial plateau,Tibia and Fibula
4177207,Fracture of condyle of tibia,Tibia and Fibula
4154777,Fracture of shaft of tibia and fibula,Tibia and Fibula
4134330,Closed fracture of tibial tuberosity,Tibia and Fibula
4070301,Fracture of upper end of tibia,Tibia and Fibula
4015743,Multiple fractures of lower leg,Tibia and Fibula
765560,Fracture of medial condyle of proximal right tibia,Tibia and Fibula
764999,Closed fracture of shaft of left tibia,Tibia and Fibula
762925,Avulsion fracture of lateral condyle of tibia,Tibia and Fibula
761873,Pathological fracture of left tibia due to osteoporosis,Tibia and Fibula
760577,Pathological fracture of left tibia,Tibia and Fibula
760576,Pathological fracture of right tibia,Tibia and Fibula
760573,Pathological fracture of right tibia due to osteoporosis,Tibia and Fibula
760572,Stress fracture of left tibia,Tibia and Fibula
760571,Stress fracture of right tibia,Tibia and Fibula
760256,Closed fracture of left tibia,Tibia and Fibula
760255,Closed fracture of right tibia,Tibia and Fibula
760254,Closed fracture of shaft of right tibia,Tibia and Fibula
760253,Closed fracture of epiphyseal plate of proximal left tibia,Tibia and Fibula
760252,Closed fracture of epiphyseal plate of proximal right tibia,Tibia and Fibula
760251,Closed fracture of proximal end of left tibia,Tibia and Fibula
760250,Closed fracture of proximal end of right tibia,Tibia and Fibula
760248,Closed fracture of left tibial plateau,Tibia and Fibula
760247,Closed fracture of right tibial plateau,Tibia and Fibula
760241,Closed fracture of tuberosity of left tibia,Tibia and Fibula
760240,Closed fracture of tuberosity of right tibia,Tibia and Fibula
440812,Pathological fracture - lower leg,Tibia and Fibula
440543,Fracture of tibia,Tibia and Fibula
438005,Closed fracture of shaft of fibula,Tibia and Fibula
436254,Closed fractures of multiple bones of lower limb,Tibia and Fibula
436252,Closed fracture of shaft of tibia,Tibia and Fibula
435951,"Closed fracture of tibia and fibula, shaft",Tibia and Fibula
435666,Closed fracture of upper end of tibia,Tibia and Fibula
434782,Closed fracture of tibia AND fibula,Tibia and Fibula
433612,Closed fracture of upper end of fibula,Tibia and Fibula
4105252,Fracture of neck of fibula,Tibia and Fibula
45767038,Pathological fracture of fibula due to osteoporosis,Tibia and Fibula
45767008,Pathological fracture of fibula due to secondary osteoporosis,Tibia and Fibula
45766939,Closed fracture of epiphysis of proximal fibula,Tibia and Fibula
40492392,Closed fracture of fibula,Tibia and Fibula
40483849,Pathological fracture of fibula,Tibia and Fibula
4318110,Metaphyseal fracture of bone of lower limb,Tibia and Fibula
4284263,Fracture of shaft of fibula,Tibia and Fibula
4211784,Closed multiple fractures of lower limb AND sternum,Tibia and Fibula
4206883,Closed fractures involving multiple regions of both lower limbs,Tibia and Fibula
4165044,Multiple fractures of lower limb AND sternum,Tibia and Fibula
4153391,Closed fracture of head of fibula,Tibia and Fibula
4140092,Fractures of multiple bones of lower limb,Tibia and Fibula
4138276,Fracture dislocation of joint of lower limb,Tibia and Fibula
4134306,Fracture subluxation of joint of lower limb,Tibia and Fibula
4101769,Multiple fractures of both lower limbs,Tibia and Fibula
4085551,Fracture of head of fibula,Tibia and Fibula
4073923,Fracture of upper end of fibula,Tibia and Fibula
4018352,Fracture dislocation or subluxation knee,Tibia and Fibula
765647,Fracture of right lower limb,Tibia and Fibula
765329,Closed fracture of right fibula,Tibia and Fibula
765181,Pathological fracture of right fibula due to osteoporosis,Tibia and Fibula
764360,Fracture of left lower limb,Tibia and Fibula
763805,Closed fracture of right lower limb,Tibia and Fibula
763804,Closed fracture of left lower limb,Tibia and Fibula
760582,Stress fracture of left fibula,Tibia and Fibula
760581,Stress fracture of right fibula,Tibia and Fibula
760580,Pathological fracture of left fibula,Tibia and Fibula
760579,Pathological fracture of right fibula,Tibia and Fibula
760578,Pathological fracture of left fibula due to osteoporosis,Tibia and Fibula
760439,Closed fracture of left lower leg,Tibia and Fibula
760438,Closed fracture of right lower leg,Tibia and Fibula
760285,Closed fracture of left fibula,Tibia and Fibula
760284,Closed fracture of epiphyseal plate of proximal left fibula,Tibia and Fibula
760283,Closed fracture of epiphyseal plate of proximal right fibula,Tibia and Fibula
760282,Closed fracture of upper end of left fibula,Tibia and Fibula
760281,Closed fracture of upper end of right fibula,Tibia and Fibula
760280,Closed fracture of shaft of left fibula,Tibia and Fibula
760279,Closed fracture of shaft of right fibula,Tibia and Fibula
442349,Closed multiple fractures of both lower limbs,Tibia and Fibula
436209,Fracture of fibula,Tibia and Fibula
4279139,Fracture of bones of trunk,Vertebra
46270373,Fracture of C5 pedicle,Vertebra
46270372,Fracture of C4 pedicle,Vertebra
46270349,Compression fracture of L2,Vertebra
46270329,Burst fracture of fourth thoracic vertebra,Vertebra
45772068,Stress fracture of occipito atlanto axial vertebra,Vertebra
45772067,Pathological fracture of sacral vertebra due to osteoporosis,Vertebra
45772065,Closed fracture of first lumbar vertebra,Vertebra
45770877,Stress fracture of cervical vertebra,Vertebra
45757330,Stress fracture of lumbar vertebra,Vertebra
45757329,Stress fracture of thoracic vertebra,Vertebra
45757324,Pathological fracture of sacral vertebra due to secondary osteoporosis,Vertebra
45757323,Pathological fracture of vertebra due to secondary osteoporosis,Vertebra
45757322,Pathological fracture of sacral vertebra,Vertebra
45757320,Pathological fracture of vertebra due to osteoporosis,Vertebra
45757318,Pathological fracture of cervical vertebra due to secondary osteoporosis,Vertebra
45757316,Pathological fracture of lumbar vertebra due to secondary osteoporosis,Vertebra
45757314,Pathological fracture of thoracic vertebra due to secondary osteoporosis,Vertebra
45757310,Closed fracture of fifth lumbar vertebra,Vertebra
45757309,Closed fracture of fourth lumbar vertebra,Vertebra
45757308,Closed fracture of third lumbar vertebra,Vertebra
45757307,Closed fracture of second lumbar vertebra,Vertebra
45757306,Closed fracture of fourth thoracic vertebra,Vertebra
45757305,Closed fracture of third thoracic vertebra,Vertebra
45757304,Closed fracture of second thoracic vertebra,Vertebra
45757303,Closed fracture of first thoracic vertebra,Vertebra
44792139,Stress fracture of pars interarticularis,Vertebra
44783966,Compression fracture of thoracic spine,Vertebra
43021792,Chance flexion distraction fracture of vertebra,Vertebra
42539257,Bilateral sacral insufficiency fracture,Vertebra
40492264,Fracture of body of vertebra,Vertebra
40484890,Entrapment of intestine in spinal fracture,Vertebra
36717470,Fracture of fifth thoracic vertebra,Vertebra
36717465,Type I fracture of odontoid process of axis,Vertebra
36717169,Fracture of first lumbar vertebra,Vertebra
36715749,Fracture of fifth lumbar vertebra,Vertebra
36715748,Fracture of fourth lumbar vertebra,Vertebra
36715747,Fracture of third lumbar vertebra,Vertebra
36715746,Fracture of second lumbar vertebra,Vertebra
36715689,Fracture of twelfth thoracic vertebra,Vertebra
36715688,Fracture of eleventh thoracic vertebra,Vertebra
36715687,Fracture of tenth thoracic vertebra,Vertebra
36715686,Fracture of ninth thoracic vertebra,Vertebra
36715685,Fracture of eighth thoracic vertebra,Vertebra
36715684,Fracture of seventh thoracic vertebra,Vertebra
36715683,Fracture of sixth thoracic vertebra,Vertebra
36715682,Fracture of fourth thoracic vertebra,Vertebra
36715681,Fracture of third thoracic vertebra,Vertebra
36715680,Fracture of second thoracic vertebra,Vertebra
36715679,Fracture of first thoracic vertebra,Vertebra
36715625,Fracture of seventh cervical vertebra,Vertebra
36715624,Fracture of sixth cervical vertebra,Vertebra
36715623,Fracture of fifth cervical vertebra,Vertebra
36715622,Fracture of fourth cervical vertebra,Vertebra
36715621,Fracture of third cervical vertebra,Vertebra
36715620,Type III fracture of odontoid process of axis,Vertebra
36715619,Type II fracture of odontoid process of axis,Vertebra
36715618,Fracture of lateral mass of first cervical vertebra,Vertebra
36715617,Fracture of posterior arch of first cervical vertebra,Vertebra
4347301,Osteoporotic vertebral collapse,Vertebra
4338664,Closed fracture of fifth cervical vertebra without spinal cord injury,Vertebra
4328823,Compression fracture of cervical spine,Vertebra
4321893,Fracture of neural arch,Vertebra
4307813,Closed fracture of sixth cervical vertebra without spinal cord injury,Vertebra
4306785,Fracture of transverse process of vertebra,Vertebra
4281251,Closed fracture of C5-C7 level with incomplete spinal cord lesion,Vertebra
4275900,Fracture of spinous process of vertebra,Vertebra
4223844,Closed fracture of C1-C4 level with incomplete cord lesion,Vertebra
4216828,Closed fracture of cervical region with spinal cord injury,Vertebra
4209549,Closed multiple fractures of thoracic spine,Vertebra
4207924,Collapse of cervical vertebra due to osteoporosis,Vertebra
4199290,Closed fracture of fourth cervical vertebra without spinal cord injury,Vertebra
4197801,Closed fracture of C1-C4 level with posterior cord syndrome,Vertebra
4195932,Closed fracture of thoracic region with spinal cord injury,Vertebra
4194599,Wedge fracture of vertebra,Vertebra
4179527,Compression fracture of vertebral column,Vertebra
4174520,Fracture of vertebral column,Vertebra
4170742,Closed fracture of vertebral column,Vertebra
4170631,Fracture of cervical spine with cord lesion,Vertebra
4167098,Fracture of lumbar spine with cord lesion,Vertebra
4166900,Fracture of cervical spine - no cord lesion,Vertebra
4165727,Closed fracture of T7-T12 level with posterior cord syndrome,Vertebra
4164229,Fracture of thoracic spine with cord lesion,Vertebra
4164228,Fracture of lumbar spine - no cord lesion,Vertebra
4164227,Fracture of thoracic spine without spinal cord lesion,Vertebra
4152842,Pathological fracture of thoracic vertebra,Vertebra
4151707,Pathological fracture of lumbar vertebra,Vertebra
4150352,Closed fracture of T1-T6 level with posterior cord syndrome,Vertebra
4149547,Fracture of vertebra without spinal cord lesion,Vertebra
4148234,Closed fracture of C5-C7 level with posterior cord syndrome,Vertebra
4147419,Pathological fracture of cervical vertebra,Vertebra
4144784,Anterior wedge fracture of vertebra,Vertebra
4140300,Compression fracture of lumbar spine,Vertebra
4138296,Fracture of transverse process of spine without spinal cord lesion,Vertebra
4138273,Fracture dislocation of thoracic spine,Vertebra
4138272,Fracture dislocation of cervical spine,Vertebra
4138271,Fracture dislocation of costovertebral joint,Vertebra
4136567,Fracture dislocation of lumbar spine,Vertebra
4136566,Hangman's fracture,Vertebra
4135737,Fracture of transverse process of spine with spinal cord lesion,Vertebra
4135096,Fracture dislocation of spine,Vertebra
4129394,Fracture of lumbar spine,Vertebra
4129393,Fracture of cervical spine,Vertebra
4106186,Three column fracture of lumbar vertebra,Vertebra
4106184,Fracture of spinous process of lumbar vertebra,Vertebra
4106183,Fracture of transverse process of lumbar vertebra,Vertebra
4106182,Teardrop fracture of lumbar vertebra,Vertebra
4106181,Three column fracture of thoracic vertebra,Vertebra
4106180,Two column fracture of cervical vertebra,Vertebra
4106179,Burst fracture of cervical vertebra,Vertebra
4103202,Closed fracture of first cervical vertebra without spinal cord injury,Vertebra
4086021,Two column fracture of lumbar vertebra,Vertebra
4085898,Wedge fracture of lumbar vertebra,Vertebra
4085897,Two column fracture of thoracic vertebra,Vertebra
4085896,Fracture of lamina of thoracic vertebra,Vertebra
4085895,Fracture of transverse process of thoracic vertebra,Vertebra
4085894,Fracture of pedicle of thoracic vertebra,Vertebra
4085892,Three column fracture of cervical vertebra,Vertebra
4085891,Fracture of transverse process of cervical vertebra,Vertebra
4085890,Crush fracture of cervical vertebra,Vertebra
4085377,Crush fracture of thoracic vertebra,Vertebra
4085376,Teardrop fracture of thoracic vertebra,Vertebra
4085251,Fracture of lamina of cervical vertebra,Vertebra
4085250,Wedge fracture of cervical vertebra,Vertebra
4085249,Teardrop fracture of cervical vertebra,Vertebra
4085248,Fracture of odontoid process,Vertebra
4085247,Fracture dislocation of cervicothoracic junction,Vertebra
4085246,Fracture dislocation of thoracolumbar junction,Vertebra
4083824,Fracture of lamina of lumbar vertebra,Vertebra
4083823,Fracture of pedicle of lumbar vertebra,Vertebra
4083822,Crush fracture of lumbar vertebra,Vertebra
4083821,Fracture of spinous process of thoracic vertebra,Vertebra
4083820,Wedge fracture of thoracic vertebra,Vertebra
4083819,Fracture of spinous process of cervical vertebra,Vertebra
4083818,Fracture of pedicle of cervical vertebra,Vertebra
4077752,Closed fracture of T7-T12 level with incomplete spinal cord lesion,Vertebra
4069525,Osteoporosis with pathological fracture of cervical vertebrae,Vertebra
4069524,Osteoporosis with pathological fracture of lumbar vertebrae,Vertebra
4068577,Closed fracture of seventh cervical vertebra without spinal cord injury,Vertebra
4068133,Osteoporosis with pathological fracture of thoracic vertebrae,Vertebra
4066995,Fracture of vertebral column with spinal cord injury,Vertebra
4053828,Fracture of thoracic spine,Vertebra
4048695,Fracture of vertebral column without spinal cord injury,Vertebra
4039014,Closed fracture of second cervical vertebra without spinal cord injury,Vertebra
4028680,Closed fracture of T1-T6 level with incomplete spinal cord lesion,Vertebra
4028484,Closed fracture of multiple cervical vertebrae without spinal cord injury,Vertebra
4013759,Closed spinal fracture with posterior lumbar cord lesion,Vertebra
4013748,"Closed spinal fracture with complete thoracic cord lesion,T7-12",Vertebra
4013747,Closed fracture of thoracic spine with spinal cord lesion,Vertebra
4013616,"Closed spinal fracture with anterior cervical cord lesion, C1-4",Vertebra
4013612,Fracture of first cervical vertebra,Vertebra
4013606,"Closed fracture lumbar vertebra, tricolumnar",Vertebra
4013604,Closed fracture lumbar vertebra,Vertebra
4013599,"Closed fracture thoracic vertebra, posterior arch",Vertebra
4013598,"Closed fracture thoracic vertebra, spinous process",Vertebra
4013597,"Closed fracture thoracic vertebra, wedge",Vertebra
4013596,Closed fracture thoracic vertebra,Vertebra
4013306,Closed spinal fracture with anterior lumbar cord lesion,Vertebra
4013305,Closed spinal fracture with complete lumbar cord lesion,Vertebra
4013174,"Closed spinal fracture with anterior thoracic cord lesion, T1-6",Vertebra
4013173,"Closed spinal fracture with complete thoracic cord lesion, T1-6",Vertebra
4013168,"Closed spinal fracture with anterior cervical cord lesion, C5-7",Vertebra
4013167,"Closed spinal fracture with complete cervical cord lesion, C5-7",Vertebra
4013165,"Closed spinal fracture with complete cervical cord lesion, C1-4",Vertebra
4013159,"Closed fracture lumbar vertebra, posterior arch",Vertebra
4013158,"Closed fracture lumbar vertebra, spondylolysis",Vertebra
4013155,"Closed fracture thoracic vertebra, burst",Vertebra
4013036,"Closed fracture axis, transverse process",Vertebra
4013035,"Closed fracture axis, spondylolysis",Vertebra
4013033,Fracture of neck and trunk,Vertebra
4011657,"Closed fracture cervical vertebra, wedge",Vertebra
4011655,"Closed fracture axis, spinous process",Vertebra
4011654,"Closed fracture axis, odontoid process",Vertebra
4011653,"Closed fracture atlas, comminuted",Vertebra
4010071,Closed spinal fracture with central lumbar cord lesion,Vertebra
4010070,Closed fracture of lumbar spine with spinal cord lesion,Vertebra
4010065,"Closed spinal fracture with posterior thoracic cord lesion, T7-12",Vertebra
4010060,"Closed spinal fracture with posterior cervical cord lesion, C5-7",Vertebra
4010057,"Closed spinal fracture with posterior cervical cord lesion, C1-4",Vertebra
4009911,"Closed fracture lumbar vertebra, transverse process",Vertebra
4009902,"Closed fracture cervical vertebra, posterior arch",Vertebra
4009296,Multiple fractures of thoracic spine,Vertebra
4009287,"Closed fracture cervical vertebra, transverse process",Vertebra
4009286,"Closed fracture cervical vertebra, spinous process",Vertebra
4009285,"Closed fracture cervical vertebra, spondylolysis",Vertebra
4008510,Closed spinal fracture with cauda equina lesion,Vertebra
4008374,"Closed spinal fracture with anterior thoracic cord lesion,T7-12",Vertebra
4008373,"Closed spinal fracture with posterior thoracic cord lesion, T1-6",Vertebra
4008360,Closed fracture of cervical spine with cord lesion,Vertebra
4008355,Multiple fractures of cervical spine,Vertebra
4008354,Fracture of second cervical vertebra,Vertebra
4008221,"Closed fracture lumbar vertebra, spinous process",Vertebra
4008220,"Closed fracture lumbar vertebra, wedge",Vertebra
4008218,"Closed fracture thoracic vertebra, tricolumnar",Vertebra
4008217,"Closed fracture thoracic vertebra, transverse process",Vertebra
4008216,"Closed fracture thoracic vertebra, spondylolysis",Vertebra
4008210,"Closed fracture cervical vertebra, tricolumnar",Vertebra
4008209,"Closed fracture axis, posterior arch",Vertebra
4008208,"Closed fracture atlas, isolated arch or articular process",Vertebra
4006471,Closed fracture of third cervical vertebra without spinal cord injury,Vertebra
4001458,Fatigue fracture of vertebra,Vertebra
764899,"Compression fracture of thoracic vertebra, nontraumatic",Vertebra
764679,Compression fracture of thoracic vertebra,Vertebra
762698,Fracture of odontoid process type III,Vertebra
762697,Fracture of odontoid process type II,Vertebra
762696,Fracture of odontoid process type I,Vertebra
761936,Fracture of posterior vertebral body of thoracic vertebra,Vertebra
442568,Closed fracture of cervical vertebra without spinal cord injury,Vertebra
441976,Closed fracture of third cervical vertebra,Vertebra
441421,Closed fracture of fourth cervical vertebra,Vertebra
438881,Closed fracture of C1-C4 level with anterior cord syndrome,Vertebra
438580,Closed fracture of C5-C7 level with spinal cord injury,Vertebra
438270,Closed fracture of C5-C7 level with anterior cord syndrome,Vertebra
438269,Closed fracture of fifth cervical vertebra,Vertebra
437993,Closed fracture of cervical spine,Vertebra
437689,Multiple closed fractures of cervical vertebrae,Vertebra
437402,Closed fracture of sixth cervical vertebra,Vertebra
437389,Closed fracture of C5-C7 level with central cord syndrome,Vertebra
435933,Closed fracture of lumbar vertebra without spinal cord injury,Vertebra
435089,Closed fracture of C1-C4 level with central cord syndrome,Vertebra
434493,Closed fracture of seventh cervical vertebra,Vertebra
433337,Closed traumatic dislocation of fourth cervical vertebra,Vertebra
433329,Closed fracture of second cervical vertebra,Vertebra
432458,Closed fracture of C1-C4 level with spinal cord injury,Vertebra
321694,Closed fracture of T7-T12 level with central cord syndrome,Vertebra
316535,Closed fracture of thoracic vertebra without spinal cord injury,Vertebra
313608,Closed fracture of T7-T12 level with spinal cord injury,Vertebra
312462,Closed fracture of T7-T12 level with anterior cord syndrome,Vertebra
195948,Closed fracture of lumbar vertebra with spinal cord injury,Vertebra
138876,Closed fracture of T1-T6 level with spinal cord injury,Vertebra
137695,Closed fracture of T1-T6 level with anterior cord syndrome,Vertebra
136243,Closed fracture of T1-T6 level with central cord syndrome,Vertebra
78579,Closed fracture of first cervical vertebra,Vertebra
77403,Closed fracture of vertebral column without spinal cord injury,Vertebra
77387,Closed fracture of vertebral column with spinal cord injury,Vertebra
74138,Pathological fracture of vertebra,Vertebra
4175140,Closed fracture of hyoid bone,Vertebra
4095418,Fractured hyoid bone,Vertebra
4013169,"Closed spinal fracture with central cervical cord lesion, C5-7",Vertebra
4013166,"Closed spinal fracture with central cervical cord lesion, C1-4",Vertebra
4008375,"Closed spinal fracture with central thoracic cord lesion, T7-12",Vertebra
4008372,"Closed spinal fracture with central thoracic cord lesion, T1-6",Vertebra
1245002,Osteoporotic fracture due to idiopathic osteoporosis,Osteoporotic
1245006,Osteoporotic fracture due to disuse osteoporosis,Osteoporotic
606228,Pathological fracture of pelvis and femur,Pelvic
